

                             _   _
                            (_) | |
      __ _   _ __   __   __  _  | |
     / _` | | '_ \  \ \ / / | | | |
    | (_| | | | | |  \ V /  | | | |
     \__,_| |_| |_|   \_/   |_| |_|

    1.7.1 (4072e48705 2026-05-08T07:54:31.470926000Z)
    https://github.com/foundry-rs/foundry

Available Accounts
==================

(0) 0xf39Fd6e51aad88F6F4ce6aB8827279cffFb92266 (10000.000000000000000000 ETH)
(1) 0x70997970C51812dc3A010C7d01b50e0d17dc79C8 (10000.000000000000000000 ETH)
(2) 0x3C44CdDdB6a900fa2b585dd299e03d12FA4293BC (10000.000000000000000000 ETH)
(3) 0x90F79bf6EB2c4f870365E785982E1f101E93b906 (10000.000000000000000000 ETH)
(4) 0x15d34AAf54267DB7D7c367839AAf71A00a2C6A65 (10000.000000000000000000 ETH)
(5) 0x9965507D1a55bcC2695C58ba16FB37d819B0A4dc (10000.000000000000000000 ETH)
(6) 0x976EA74026E726554dB657fA54763abd0C3a0aa9 (10000.000000000000000000 ETH)
(7) 0x14dC79964da2C08b23698B3D3cc7Ca32193d9955 (10000.000000000000000000 ETH)
(8) 0x23618e81E3f5cdF7f54C3d65f7FBc0aBf5B21E8f (10000.000000000000000000 ETH)
(9) 0xa0Ee7A142d267C1f36714E4a8F75612F20a79720 (10000.000000000000000000 ETH)

Private Keys
==================

(0) 0xac0974bec39a17e36ba4a6b4d238ff944bacb478cbed5efcae784d7bf4f2ff80
(1) 0x59c6995e998f97a5a0044966f0945389dc9e86dae88c7a8412f4603b6b78690d
(2) 0x5de4111afa1a4b94908f83103eb1f1706367c2e68ca870fc3fb9a804cdab365a
(3) 0x7c852118294e51e653712a81e05800f419141751be58f605c371e15141b007a6
(4) 0x47e179ec197488593b187f80a00eb0da91f1b9d0b13f8733639f19c30a34926a
(5) 0x8b3a350cf5c34c9194ca85829a2df0ec3153be0318b5e2d3348e872092edffba
(6) 0x92db14e403b83dfe3df233f83dfa3a0d7096f21ca9b0d6d6b8d88b2b4ec1564e
(7) 0x4bbbf85ce3377467afe5d46f804f221813b2bb87f24d81f60f1fcdbf7cbf4356
(8) 0xdbda1821b80551c9d65939329250298aa3472ba22feea921c0cf5d620ea67b97
(9) 0x2a871d0798f97d79848a013d4936a73bf4cc922c825d33c1cf7073dff6d409c6

Wallet
==================
Mnemonic:          test test test test test test test test test test test junk
Derivation path:   m/44'/60'/0'/0/


Chain ID
==================

31337

Base Fee
==================

1000000000

Gas Limit
==================

30000000

Genesis Timestamp
==================

1783953494

Genesis Number
==================

0

Listening on 0.0.0.0:8545
web3_clientVersion
eth_chainId
eth_call
eth_chainId
web3_clientVersion
eth_chainId
eth_chainId
web3_clientVersion
eth_chainId
eth_call
eth_chainId
web3_clientVersion
eth_chainId
web3_clientVersion
eth_chainId
eth_getCode
web3_clientVersion
eth_chainId
eth_getCode
web3_clientVersion
web3_clientVersion
eth_chainId
eth_call
eth_chainId
eth_chainId
eth_call
eth_chainId
eth_chainId
eth_call
eth_chainId
eth_chainId
eth_call
eth_chainId
eth_chainId
eth_call
eth_chainId
eth_chainId
eth_call
eth_chainId
eth_chainId
eth_call
eth_chainId
eth_chainId
eth_call
eth_chainId
eth_chainId
eth_call
eth_chainId
eth_chainId
eth_call
eth_chainId
eth_chainId
eth_call
eth_chainId
eth_chainId
eth_call
eth_chainId
eth_chainId
eth_call
eth_chainId
eth_chainId
eth_call
eth_chainId
eth_chainId
eth_call
eth_chainId
eth_chainId
eth_call
eth_chainId
eth_chainId
eth_call
eth_chainId
eth_chainId
eth_call
eth_chainId
eth_chainId
eth_call
eth_chainId
eth_chainId
eth_call
eth_chainId
eth_chainId
eth_call
eth_chainId
eth_chainId
eth_call
eth_chainId
eth_chainId
eth_call
eth_chainId
eth_chainId
eth_call
eth_chainId
eth_chainId
eth_call
eth_chainId
eth_chainId
eth_call
eth_chainId
eth_chainId
eth_call
eth_chainId
eth_accounts
eth_getBlockByNumber
eth_chainId
eth_chainId
eth_estimateGas
eth_chainId
eth_getBlockByNumber
eth_sendTransaction
eth_accounts
eth_chainId
eth_getTransactionReceipt

    Transaction: 0xd7e5dc5cfe644176d5f4ce50a7d7de58751a7620823a401abc094507f3c1e542
    Gas used: 352619

    Block Number: 67
    Block Hash: 0x96ddfd8ebb22d57050a7032f16097fbf768f8c112bbca2acf70e4f4ff77004ab
    Block Time: "Mon, 13 Jul 2026 14:49:48 +0000"

eth_getTransactionReceipt
eth_chainId
eth_call
eth_chainId
web3_clientVersion
eth_chainId
eth_call
eth_chainId
eth_chainId
eth_call
eth_chainId
eth_chainId
eth_call
eth_chainId
eth_chainId
eth_call
eth_chainId
eth_chainId
eth_call
eth_chainId
eth_chainId
eth_call
eth_chainId
eth_chainId
eth_call
eth_chainId
eth_chainId
eth_call
eth_chainId
eth_chainId
eth_call
eth_chainId
eth_chainId
eth_call
eth_chainId
eth_chainId
eth_call
eth_chainId
eth_chainId
eth_call
eth_chainId
eth_chainId
eth_call
eth_chainId
eth_chainId
eth_call
eth_chainId
eth_chainId
eth_call
eth_chainId
eth_chainId
eth_call
eth_chainId
eth_chainId
eth_call
eth_chainId
eth_chainId
eth_call
eth_chainId
eth_chainId
eth_call
eth_chainId
eth_chainId
eth_call
eth_chainId
eth_chainId
eth_call
eth_chainId
eth_chainId
eth_call
eth_chainId
eth_chainId
eth_call
eth_chainId
eth_chainId
eth_call
eth_chainId
eth_chainId
eth_call
eth_chainId
eth_chainId
eth_call
eth_chainId
eth_chainId
eth_call
eth_chainId
eth_chainId
eth_call
eth_chainId
eth_accounts
eth_getBlockByNumber
eth_chainId
eth_chainId
eth_estimateGas
eth_chainId
eth_getBlockByNumber
eth_sendTransaction
eth_accounts
eth_chainId

    Transaction: 0x6c8336729ce8a0761df848af16afcddab1d84570bdfd6983c930f8eac6e087b0
    Gas used: 352619

    Block Number: 68
    Block Hash: 0xf17ecf544760fff287b490467233323ad0b507f71b35c748b7b21322f0a1a854
    Block Time: "Mon, 13 Jul 2026 14:49:55 +0000"

eth_getTransactionReceipt
eth_chainId
eth_call
eth_chainId
web3_clientVersion
eth_accounts
eth_chainId
eth_call
eth_chainId
eth_chainId
eth_call
eth_chainId
eth_chainId
eth_call
eth_chainId
eth_chainId
eth_call
eth_chainId
eth_chainId
eth_call
eth_chainId
eth_chainId
eth_call
eth_chainId
eth_chainId
eth_call
eth_chainId
eth_chainId
eth_call
eth_chainId
eth_chainId
eth_call
eth_chainId
eth_chainId
eth_call
eth_chainId
eth_chainId
eth_call
eth_chainId
eth_chainId
eth_call
eth_chainId
eth_chainId
eth_call
eth_chainId
eth_chainId
eth_call
eth_chainId
eth_chainId
eth_call
eth_chainId
eth_chainId
eth_call
eth_chainId
eth_chainId
eth_call
eth_chainId
eth_chainId
eth_call
eth_chainId
eth_chainId
eth_call
eth_chainId
eth_chainId
eth_call
eth_chainId
eth_chainId
eth_call
eth_chainId
eth_chainId
eth_call
eth_chainId
eth_chainId
eth_call
eth_chainId
eth_chainId
eth_call
eth_chainId
eth_chainId
eth_call
eth_chainId
eth_chainId
eth_call
eth_chainId
eth_chainId
eth_call
eth_chainId
eth_chainId
eth_call
eth_chainId
eth_chainId
eth_call
eth_chainId
eth_chainId
eth_call
eth_chainId
eth_chainId
eth_call
eth_chainId
eth_chainId
eth_call
eth_chainId
eth_chainId
eth_call
eth_chainId
eth_chainId
eth_call
eth_chainId
eth_chainId
eth_call
eth_chainId
eth_chainId
eth_call
eth_chainId
eth_chainId
eth_call
eth_chainId
eth_chainId
eth_call
eth_chainId
eth_chainId
eth_call
eth_chainId
eth_chainId
eth_call
eth_chainId
eth_chainId
eth_call
eth_chainId
eth_chainId
eth_call
eth_chainId
eth_chainId
eth_call
eth_chainId
eth_chainId
eth_call
eth_chainId
eth_chainId
eth_call
eth_chainId
eth_chainId
eth_call
eth_chainId
eth_chainId
eth_call
eth_chainId
eth_chainId
eth_call
eth_chainId
eth_chainId
eth_call
eth_chainId
eth_chainId
eth_call
eth_chainId
eth_chainId
eth_call
eth_chainId
eth_chainId
eth_call
eth_chainId
eth_chainId
eth_call
eth_chainId
eth_chainId
eth_call
eth_chainId
eth_chainId
eth_call
eth_chainId
eth_chainId
eth_call
eth_chainId
eth_chainId
eth_call
eth_chainId
eth_getBlockByNumber
eth_chainId
eth_chainId
eth_estimateGas
eth_chainId
eth_getBlockByNumber
eth_sendTransaction
eth_accounts
eth_chainId

    Transaction: 0x293b73d586a040579b4cb220b5a65ca013f6df6cbc9f83cdbcde82c0f06919ed
    Gas used: 119044

    Block Number: 69
    Block Hash: 0xaa413f747fdaf31788cf0051c2f604c0074965801f78ce7c3dd103f3a712fc4d
    Block Time: "Mon, 13 Jul 2026 14:49:56 +0000"

eth_getTransactionReceipt
eth_chainId
eth_call
eth_chainId
eth_getBlockByNumber
eth_chainId
eth_chainId
eth_estimateGas
eth_chainId
eth_getBlockByNumber
eth_sendTransaction
eth_accounts
eth_chainId

    Transaction: 0x8b20b23f2fc515b182f1d1df41abc1e479d552f697ce36b88498a98263973896
    Gas used: 49900

    Block Number: 70
    Block Hash: 0x70bcb71c61cbb4eae42853b44dfb2768f1fbc79bbab0dbc00e1ded9c7142410c
    Block Time: "Mon, 13 Jul 2026 14:49:56 +0000"

eth_getTransactionReceipt
eth_chainId
eth_call
eth_chainId
web3_clientVersion
eth_chainId
eth_call
eth_chainId
eth_chainId
eth_call
eth_chainId
eth_chainId
eth_call
eth_chainId
eth_chainId
eth_call
eth_chainId
eth_chainId
eth_call
eth_chainId
eth_chainId
eth_call
eth_chainId
eth_chainId
eth_call
eth_chainId
eth_chainId
eth_call
eth_chainId
eth_chainId
eth_call
eth_chainId
eth_chainId
eth_call
eth_chainId
eth_chainId
eth_call
eth_chainId
eth_chainId
eth_call
eth_chainId
eth_chainId
eth_call
eth_chainId
eth_chainId
eth_call
eth_chainId
eth_chainId
eth_call
eth_chainId
eth_chainId
eth_call
eth_chainId
eth_chainId
eth_call
eth_chainId
eth_chainId
eth_call
eth_chainId
eth_chainId
eth_call
eth_chainId
eth_chainId
eth_call
eth_chainId
eth_chainId
eth_call
eth_chainId
eth_chainId
eth_call
eth_chainId
eth_chainId
eth_call
eth_chainId
eth_chainId
eth_call
eth_chainId
eth_chainId
eth_call
eth_chainId
eth_chainId
eth_call
eth_chainId
eth_chainId
eth_call
eth_chainId
eth_chainId
eth_call
eth_chainId
eth_chainId
eth_call
eth_chainId
eth_chainId
eth_call
eth_chainId
eth_chainId
eth_call
eth_chainId
eth_chainId
eth_call
eth_chainId
eth_chainId
eth_call
eth_chainId
eth_chainId
eth_call
eth_chainId
eth_chainId
eth_call
eth_chainId
eth_chainId
eth_call
eth_chainId
eth_chainId
eth_call
eth_chainId
eth_chainId
eth_call
eth_chainId
eth_chainId
eth_call
eth_chainId
eth_chainId
eth_call
eth_chainId
eth_chainId
eth_call
eth_chainId
eth_chainId
eth_call
eth_chainId
eth_chainId
eth_call
eth_chainId
eth_chainId
eth_call
eth_chainId
eth_chainId
eth_call
eth_chainId
eth_chainId
eth_call
eth_chainId
eth_chainId
eth_call
eth_chainId
eth_chainId
eth_call
eth_chainId
eth_chainId
eth_call
eth_chainId
eth_chainId
eth_call
eth_chainId
eth_chainId
eth_call
eth_chainId
eth_chainId
eth_call
eth_chainId
eth_chainId
eth_call
eth_chainId
eth_chainId
eth_call
eth_chainId
eth_chainId
eth_call
eth_chainId
eth_chainId
eth_call
eth_chainId
eth_chainId
eth_call
eth_chainId
eth_chainId
eth_call
eth_chainId
eth_accounts
eth_getBlockByNumber
eth_chainId
eth_chainId
eth_estimateGas
eth_chainId
eth_getBlockByNumber
eth_sendTransaction
eth_accounts
eth_chainId

    Transaction: 0xe91a88b33bf470e11603aa70dab2dadaccf0267b1c0cb45e5971919c3467e8e1
    Gas used: 32715

    Block Number: 71
    Block Hash: 0xb03a5d708ddec15191368dc4b26376c706b0212f6f406df2f6ed028da84d4b75
    Block Time: "Mon, 13 Jul 2026 14:50:03 +0000"

eth_getTransactionReceipt
web3_clientVersion
web3_clientVersion
eth_chainId
eth_call
eth_chainId
eth_chainId
eth_call
eth_chainId
eth_chainId
eth_call
eth_chainId
eth_chainId
eth_call
eth_chainId
eth_chainId
eth_call
eth_chainId
eth_chainId
eth_call
eth_chainId
eth_chainId
eth_call
eth_chainId
eth_chainId
eth_call
eth_chainId
eth_chainId
eth_call
eth_chainId
eth_chainId
eth_call
eth_chainId
eth_chainId
eth_call
eth_chainId
eth_chainId
eth_call
eth_chainId
eth_chainId
eth_call
eth_chainId
eth_chainId
eth_call
eth_chainId
eth_chainId
eth_call
eth_chainId
eth_chainId
eth_call
eth_chainId
eth_chainId
eth_call
eth_chainId
eth_chainId
eth_call
eth_chainId
eth_chainId
eth_call
eth_chainId
eth_chainId
eth_call
eth_chainId
eth_chainId
eth_call
eth_chainId
eth_chainId
eth_call
eth_chainId
eth_chainId
eth_call
eth_chainId
eth_chainId
eth_call
eth_chainId
eth_chainId
eth_call
eth_chainId
eth_chainId
eth_call
eth_chainId
eth_chainId
eth_call
eth_chainId
eth_chainId
eth_call
eth_chainId
eth_chainId
eth_call
eth_chainId
eth_accounts
eth_getBlockByNumber
eth_chainId
eth_chainId
eth_estimateGas
eth_chainId
eth_getBlockByNumber
eth_sendTransaction
eth_accounts
eth_chainId

    Transaction: 0x11f26a39067204216bb50a8c244cd9f9f232c64b9494004bf2952ca837f1fe50
    Gas used: 352619

    Block Number: 72
    Block Hash: 0x2de255594af94aa343eeb6a512f5d34e464feb6a1fab3f576b03b1a52aa5530a
    Block Time: "Mon, 13 Jul 2026 14:56:13 +0000"

eth_getTransactionReceipt
eth_chainId
eth_call
eth_chainId
web3_clientVersion
eth_chainId
eth_call
eth_chainId
eth_chainId
eth_call
eth_chainId
eth_chainId
eth_call
eth_chainId
eth_chainId
eth_call
eth_chainId
eth_chainId
eth_call
eth_chainId
eth_chainId
eth_call
eth_chainId
eth_chainId
eth_call
eth_chainId
eth_chainId
eth_call
eth_chainId
eth_chainId
eth_call
eth_chainId
eth_chainId
eth_call
eth_chainId
eth_chainId
eth_call
eth_chainId
eth_chainId
eth_call
eth_chainId
eth_chainId
eth_call
eth_chainId
eth_chainId
eth_call
eth_chainId
eth_chainId
eth_call
eth_chainId
eth_chainId
eth_call
eth_chainId
eth_chainId
eth_call
eth_chainId
eth_chainId
eth_call
eth_chainId
eth_chainId
eth_call
eth_chainId
eth_chainId
eth_call
eth_chainId
eth_chainId
eth_call
eth_chainId
eth_chainId
eth_call
eth_chainId
eth_chainId
eth_call
eth_chainId
eth_chainId
eth_call
eth_chainId
eth_chainId
eth_call
eth_chainId
eth_chainId
eth_call
eth_chainId
eth_chainId
eth_call
eth_chainId
eth_chainId
eth_call
eth_chainId
eth_chainId
eth_call
eth_chainId
eth_chainId
eth_call
eth_chainId
eth_accounts
eth_getBlockByNumber
eth_chainId
eth_chainId
eth_estimateGas
eth_chainId
eth_getBlockByNumber
eth_sendTransaction
eth_accounts
eth_chainId

    Transaction: 0x2e12ef2ed236c3399ff61c54d459efb4b522a9003289acc7bb387eb8a0d0a268
    Gas used: 352619

    Block Number: 73
    Block Hash: 0x73380e8445aea6c5d664504802db88215987d05b0a9b8443f63d9f7b29bb3313
    Block Time: "Mon, 13 Jul 2026 14:56:21 +0000"

eth_getTransactionReceipt
eth_chainId
eth_call
eth_chainId
web3_clientVersion
eth_accounts
eth_chainId
eth_call
eth_chainId
eth_chainId
eth_call
eth_chainId
eth_chainId
eth_call
eth_chainId
eth_chainId
eth_call
eth_chainId
eth_chainId
eth_call
eth_chainId
eth_chainId
eth_call
eth_chainId
eth_chainId
eth_call
eth_chainId
eth_chainId
eth_call
eth_chainId
eth_chainId
eth_call
eth_chainId
eth_chainId
eth_call
eth_chainId
eth_chainId
eth_call
eth_chainId
eth_chainId
eth_call
eth_chainId
eth_chainId
eth_call
eth_chainId
eth_chainId
eth_call
eth_chainId
eth_chainId
eth_call
eth_chainId
eth_chainId
eth_call
eth_chainId
eth_chainId
eth_call
eth_chainId
eth_chainId
eth_call
eth_chainId
eth_chainId
eth_call
eth_chainId
eth_chainId
eth_call
eth_chainId
eth_chainId
eth_call
eth_chainId
eth_chainId
eth_call
eth_chainId
eth_chainId
eth_call
eth_chainId
eth_chainId
eth_call
eth_chainId
eth_chainId
eth_call
eth_chainId
eth_chainId
eth_call
eth_chainId
eth_chainId
eth_call
eth_chainId
eth_chainId
eth_call
eth_chainId
eth_chainId
eth_call
eth_chainId
eth_chainId
eth_call
eth_chainId
eth_chainId
eth_call
eth_chainId
eth_chainId
eth_call
eth_chainId
eth_chainId
eth_call
eth_chainId
eth_chainId
eth_call
eth_chainId
eth_chainId
eth_call
eth_chainId
eth_chainId
eth_call
eth_chainId
eth_chainId
eth_call
eth_chainId
eth_chainId
eth_call
eth_chainId
eth_chainId
eth_call
eth_chainId
eth_chainId
eth_call
eth_chainId
eth_chainId
eth_call
eth_chainId
eth_chainId
eth_call
eth_chainId
eth_chainId
eth_call
eth_chainId
eth_chainId
eth_call
eth_chainId
eth_chainId
eth_call
eth_chainId
eth_chainId
eth_call
eth_chainId
eth_chainId
eth_call
eth_chainId
eth_chainId
eth_call
eth_chainId
eth_chainId
eth_call
eth_chainId
eth_chainId
eth_call
eth_chainId
eth_chainId
eth_call
eth_chainId
eth_chainId
eth_call
eth_chainId
eth_chainId
eth_call
eth_chainId
eth_chainId
eth_call
eth_chainId
eth_chainId
eth_call
eth_chainId
eth_chainId
eth_call
eth_chainId
eth_chainId
eth_call
eth_chainId
eth_chainId
eth_call
eth_chainId
eth_chainId
eth_call
eth_chainId
eth_chainId
eth_call
eth_chainId
eth_chainId
eth_call
eth_chainId
eth_getBlockByNumber
eth_chainId
eth_chainId
eth_estimateGas
eth_chainId
eth_getBlockByNumber
eth_sendTransaction
eth_accounts
eth_chainId

    Transaction: 0xb04f34e9da44dd48f3e396b7b40c967dfa86bcabe87273d080a5114404c21a27
    Gas used: 119044

    Block Number: 74
    Block Hash: 0x0dc4258c369462d1871a90323154a81aa351fae126dd59369d5cf6ee3faac9fb
    Block Time: "Mon, 13 Jul 2026 14:56:21 +0000"

eth_getTransactionReceipt
eth_chainId
eth_call
eth_chainId
eth_getBlockByNumber
eth_chainId
eth_chainId
eth_estimateGas
eth_chainId
eth_getBlockByNumber
eth_sendTransaction
eth_accounts
eth_chainId

    Transaction: 0x9e62fbaa87b8e8171672347a76f2c65e7b55bf244a50a279b10dc18893ef7eab
    Gas used: 49900

    Block Number: 75
    Block Hash: 0x8990cff1c682df085046ed600fde5addaa66ed52c590643820bb848690d7d2cd
    Block Time: "Mon, 13 Jul 2026 14:56:21 +0000"

eth_getTransactionReceipt
eth_chainId
eth_call
eth_chainId
web3_clientVersion
eth_chainId
eth_call
eth_chainId
eth_chainId
eth_call
eth_chainId
eth_chainId
eth_call
eth_chainId
eth_chainId
eth_call
eth_chainId
eth_chainId
eth_call
eth_chainId
eth_chainId
eth_call
eth_chainId
eth_chainId
eth_call
eth_chainId
eth_chainId
eth_call
eth_chainId
eth_chainId
eth_call
eth_chainId
eth_chainId
eth_call
eth_chainId
eth_chainId
eth_call
eth_chainId
eth_chainId
eth_call
eth_chainId
eth_chainId
eth_call
eth_chainId
eth_chainId
eth_call
eth_chainId
eth_chainId
eth_call
eth_chainId
eth_chainId
eth_call
eth_chainId
eth_chainId
eth_call
eth_chainId
eth_chainId
eth_call
eth_chainId
eth_chainId
eth_call
eth_chainId
eth_chainId
eth_call
eth_chainId
eth_chainId
eth_call
eth_chainId
eth_chainId
eth_call
eth_chainId
eth_chainId
eth_call
eth_chainId
eth_chainId
eth_call
eth_chainId
eth_chainId
eth_call
eth_chainId
eth_chainId
eth_call
eth_chainId
eth_chainId
eth_call
eth_chainId
eth_chainId
eth_call
eth_chainId
eth_chainId
eth_call
eth_chainId
eth_chainId
eth_call
eth_chainId
eth_chainId
eth_call
eth_chainId
eth_chainId
eth_call
eth_chainId
eth_chainId
eth_call
eth_chainId
eth_chainId
eth_call
eth_chainId
eth_chainId
eth_call
eth_chainId
eth_chainId
eth_call
eth_chainId
eth_chainId
eth_call
eth_chainId
eth_chainId
eth_call
eth_chainId
eth_chainId
eth_call
eth_chainId
eth_chainId
eth_call
eth_chainId
eth_chainId
eth_call
eth_chainId
eth_chainId
eth_call
eth_chainId
eth_chainId
eth_call
eth_chainId
eth_chainId
eth_call
eth_chainId
eth_chainId
eth_call
eth_chainId
eth_chainId
eth_call
eth_chainId
eth_chainId
eth_call
eth_chainId
eth_chainId
eth_call
eth_chainId
eth_chainId
eth_call
eth_chainId
eth_chainId
eth_call
eth_chainId
eth_chainId
eth_call
eth_chainId
eth_chainId
eth_call
eth_chainId
eth_chainId
eth_call
eth_chainId
eth_chainId
eth_call
eth_chainId
eth_chainId
eth_call
eth_chainId
eth_chainId
eth_call
eth_chainId
eth_chainId
eth_call
eth_chainId
eth_chainId
eth_call
eth_chainId
eth_chainId
eth_call
eth_chainId
eth_chainId
eth_call
eth_chainId
eth_chainId
eth_call
eth_chainId
eth_chainId
eth_call
eth_chainId
eth_accounts
eth_getBlockByNumber
eth_chainId
eth_chainId
eth_estimateGas
eth_chainId
eth_getBlockByNumber
eth_sendTransaction
eth_accounts
eth_chainId

    Transaction: 0x2f946743137400373e5deef278e0e994b432ab7c2372923f9c88c3b2fa6c8254
    Gas used: 32715

    Block Number: 76
    Block Hash: 0xa3e7430c7edad4cb4a1d8faf1ed58e551ee234403b12ddf7153bdc39f7e22adb
    Block Time: "Mon, 13 Jul 2026 14:56:29 +0000"

eth_getTransactionReceipt
web3_clientVersion
eth_chainId
eth_getCode
web3_clientVersion
web3_clientVersion
eth_chainId
eth_call
eth_chainId
eth_chainId
eth_call
eth_chainId
eth_chainId
eth_call
eth_chainId
eth_chainId
eth_call
eth_chainId
eth_chainId
eth_call
eth_chainId
eth_chainId
eth_call
eth_chainId
eth_chainId
eth_call
eth_chainId
eth_chainId
eth_call
eth_chainId
eth_chainId
eth_call
eth_chainId
eth_chainId
eth_call
eth_chainId
eth_chainId
eth_call
eth_chainId
eth_chainId
eth_call
eth_chainId
eth_chainId
eth_call
eth_chainId
eth_chainId
eth_call
eth_chainId
eth_chainId
eth_call
eth_chainId
eth_chainId
eth_call
eth_chainId
eth_chainId
eth_call
eth_chainId
eth_chainId
eth_call
eth_chainId
eth_chainId
eth_call
eth_chainId
eth_chainId
eth_call
eth_chainId
eth_chainId
eth_call
eth_chainId
eth_chainId
eth_call
eth_chainId
eth_chainId
eth_call
eth_chainId
eth_chainId
eth_call
eth_chainId
eth_chainId
eth_call
eth_chainId
eth_chainId
eth_call
eth_chainId
eth_chainId
eth_call
eth_chainId
eth_chainId
eth_call
eth_chainId
eth_chainId
eth_call
eth_chainId
eth_chainId
eth_call
eth_chainId
eth_chainId
eth_call
eth_chainId
eth_accounts
eth_getBlockByNumber
eth_chainId
eth_chainId
eth_estimateGas
eth_chainId
eth_getBlockByNumber
eth_sendTransaction
eth_accounts
eth_chainId
eth_getTransactionReceipt

    Transaction: 0x54be259f61d34c55621634c2e7f2fc1f81a9afae3d6557a5aae12cc0ba2b9061
    Gas used: 352619

    Block Number: 77
    Block Hash: 0x98bef35d36af8de9953ce0c802dc9721d1e9dfe4d5e3cc71da98ea45baad6c65
    Block Time: "Mon, 13 Jul 2026 16:53:56 +0000"

eth_getTransactionReceipt
eth_chainId
eth_call
eth_chainId
web3_clientVersion
eth_chainId
eth_call
eth_chainId
eth_chainId
eth_call
eth_chainId
eth_chainId
eth_call
eth_chainId
eth_chainId
eth_call
eth_chainId
eth_chainId
eth_call
eth_chainId
eth_chainId
eth_call
eth_chainId
eth_chainId
eth_call
eth_chainId
eth_chainId
eth_call
eth_chainId
eth_chainId
eth_call
eth_chainId
eth_chainId
eth_call
eth_chainId
eth_chainId
eth_call
eth_chainId
eth_chainId
eth_call
eth_chainId
eth_chainId
eth_call
eth_chainId
eth_chainId
eth_call
eth_chainId
eth_chainId
eth_call
eth_chainId
eth_chainId
eth_call
eth_chainId
eth_chainId
eth_call
eth_chainId
eth_chainId
eth_call
eth_chainId
eth_chainId
eth_call
eth_chainId
eth_chainId
eth_call
eth_chainId
eth_chainId
eth_call
eth_chainId
eth_chainId
eth_call
eth_chainId
eth_chainId
eth_call
eth_chainId
eth_chainId
eth_call
eth_chainId
eth_chainId
eth_call
eth_chainId
eth_chainId
eth_call
eth_chainId
eth_chainId
eth_call
eth_chainId
eth_chainId
eth_call
eth_chainId
eth_chainId
eth_call
eth_chainId
eth_chainId
eth_call
eth_chainId
eth_chainId
eth_call
eth_chainId
eth_chainId
eth_call
eth_chainId
eth_accounts
eth_getBlockByNumber
eth_chainId
eth_chainId
eth_estimateGas
eth_chainId
eth_getBlockByNumber
eth_sendTransaction
eth_accounts
eth_chainId

    Transaction: 0xcf68ddb4b7eaf6d985680380d0b7540a04fe0c181aed7e9e9787aa3ca8df41a9
    Gas used: 352619

    Block Number: 78
    Block Hash: 0x47b87e48d44bbc0097a4d0b1d26f25dc6c476579f181cbcb64775a12d1f6d2e4
    Block Time: "Mon, 13 Jul 2026 16:54:03 +0000"

eth_getTransactionReceipt
eth_chainId
eth_call
eth_chainId
web3_clientVersion
eth_accounts
eth_chainId
eth_call
eth_chainId
eth_chainId
eth_call
eth_chainId
eth_chainId
eth_call
eth_chainId
eth_chainId
eth_call
eth_chainId
eth_chainId
eth_call
eth_chainId
eth_chainId
eth_call
eth_chainId
eth_chainId
eth_call
eth_chainId
eth_chainId
eth_call
eth_chainId
eth_chainId
eth_call
eth_chainId
eth_chainId
eth_call
eth_chainId
eth_chainId
eth_call
eth_chainId
eth_chainId
eth_call
eth_chainId
eth_chainId
eth_call
eth_chainId
eth_chainId
eth_call
eth_chainId
eth_chainId
eth_call
eth_chainId
eth_chainId
eth_call
eth_chainId
eth_chainId
eth_call
eth_chainId
eth_chainId
eth_call
eth_chainId
eth_chainId
eth_call
eth_chainId
eth_chainId
eth_call
eth_chainId
eth_chainId
eth_call
eth_chainId
eth_chainId
eth_call
eth_chainId
eth_chainId
eth_call
eth_chainId
eth_chainId
eth_call
eth_chainId
eth_chainId
eth_call
eth_chainId
eth_chainId
eth_call
eth_chainId
eth_chainId
eth_call
eth_chainId
eth_chainId
eth_call
eth_chainId
eth_chainId
eth_call
eth_chainId
eth_chainId
eth_call
eth_chainId
eth_chainId
eth_call
eth_chainId
eth_chainId
eth_call
eth_chainId
eth_chainId
eth_call
eth_chainId
eth_chainId
eth_call
eth_chainId
eth_chainId
eth_call
eth_chainId
eth_chainId
eth_call
eth_chainId
eth_chainId
eth_call
eth_chainId
eth_chainId
eth_call
eth_chainId
eth_chainId
eth_call
eth_chainId
eth_chainId
eth_call
eth_chainId
eth_chainId
eth_call
eth_chainId
eth_chainId
eth_call
eth_chainId
eth_chainId
eth_call
eth_chainId
eth_chainId
eth_call
eth_chainId
eth_chainId
eth_call
eth_chainId
eth_chainId
eth_call
eth_chainId
eth_chainId
eth_call
eth_chainId
eth_chainId
eth_call
eth_chainId
eth_chainId
eth_call
eth_chainId
eth_chainId
eth_call
eth_chainId
eth_chainId
eth_call
eth_chainId
eth_chainId
eth_call
eth_chainId
eth_chainId
eth_call
eth_chainId
eth_chainId
eth_call
eth_chainId
eth_chainId
eth_call
eth_chainId
eth_chainId
eth_call
eth_chainId
eth_chainId
eth_call
eth_chainId
eth_chainId
eth_call
eth_chainId
eth_chainId
eth_call
eth_chainId
eth_chainId
eth_call
eth_chainId
eth_chainId
eth_call
eth_chainId
eth_chainId
eth_call
eth_chainId
eth_chainId
eth_call
eth_chainId
eth_chainId
eth_call
eth_chainId
eth_chainId
eth_call
eth_chainId
eth_getBlockByNumber
eth_chainId
eth_chainId
eth_estimateGas
eth_chainId
eth_getBlockByNumber
eth_sendTransaction
eth_accounts
eth_chainId

    Transaction: 0x07a5266df9493c52fb414d7c6197d3fc9ed5da734c6b61cb4e33ce30cd3d1dc1
    Gas used: 119044

    Block Number: 79
    Block Hash: 0x3c2f5f21c45ae3c1983fe138422992bd69da6ec411b28da42c3adcab5efe92c3
    Block Time: "Mon, 13 Jul 2026 16:54:04 +0000"

eth_getTransactionReceipt
eth_chainId
eth_call
eth_chainId
eth_getBlockByNumber
eth_chainId
eth_chainId
eth_estimateGas
eth_chainId
eth_getBlockByNumber
eth_sendTransaction
eth_accounts
eth_chainId

    Transaction: 0x9ee128a30a93cf944f5880e67bcda0af595576458b482a23c7782882e02c0344
    Gas used: 49900

    Block Number: 80
    Block Hash: 0xaa401b211c78748976390f3d48cc570138e1b9491d83f7b976ea9a8987739d31
    Block Time: "Mon, 13 Jul 2026 16:54:04 +0000"

eth_getTransactionReceipt
eth_chainId
eth_call
eth_chainId
web3_clientVersion
eth_chainId
eth_call
eth_chainId
eth_chainId
eth_call
eth_chainId
eth_chainId
eth_call
eth_chainId
eth_chainId
eth_call
eth_chainId
eth_chainId
eth_call
eth_chainId
eth_chainId
eth_call
eth_chainId
eth_chainId
eth_call
eth_chainId
eth_chainId
eth_call
eth_chainId
eth_chainId
eth_call
eth_chainId
eth_chainId
eth_call
eth_chainId
eth_chainId
eth_call
eth_chainId
eth_chainId
eth_call
eth_chainId
eth_chainId
eth_call
eth_chainId
eth_chainId
eth_call
eth_chainId
eth_chainId
eth_call
eth_chainId
eth_chainId
eth_call
eth_chainId
eth_chainId
eth_call
eth_chainId
eth_chainId
eth_call
eth_chainId
eth_chainId
eth_call
eth_chainId
eth_chainId
eth_call
eth_chainId
eth_chainId
eth_call
eth_chainId
eth_chainId
eth_call
eth_chainId
eth_chainId
eth_call
eth_chainId
eth_chainId
eth_call
eth_chainId
eth_chainId
eth_call
eth_chainId
eth_chainId
eth_call
eth_chainId
eth_chainId
eth_call
eth_chainId
eth_chainId
eth_call
eth_chainId
eth_chainId
eth_call
eth_chainId
eth_chainId
eth_call
eth_chainId
eth_chainId
eth_call
eth_chainId
eth_chainId
eth_call
eth_chainId
eth_chainId
eth_call
eth_chainId
eth_chainId
eth_call
eth_chainId
eth_chainId
eth_call
eth_chainId
eth_chainId
eth_call
eth_chainId
eth_chainId
eth_call
eth_chainId
eth_chainId
eth_call
eth_chainId
eth_chainId
eth_call
eth_chainId
eth_chainId
eth_call
eth_chainId
eth_chainId
eth_call
eth_chainId
eth_chainId
eth_call
eth_chainId
eth_chainId
eth_call
eth_chainId
eth_chainId
eth_call
eth_chainId
eth_chainId
eth_call
eth_chainId
eth_chainId
eth_call
eth_chainId
eth_chainId
eth_call
eth_chainId
eth_chainId
eth_call
eth_chainId
eth_chainId
eth_call
eth_chainId
eth_chainId
eth_call
eth_chainId
eth_chainId
eth_call
eth_chainId
eth_chainId
eth_call
eth_chainId
eth_chainId
eth_call
eth_chainId
eth_chainId
eth_call
eth_chainId
eth_chainId
eth_call
eth_chainId
eth_chainId
eth_call
eth_chainId
eth_chainId
eth_call
eth_chainId
eth_chainId
eth_call
eth_chainId
eth_chainId
eth_call
eth_chainId
eth_chainId
eth_call
eth_chainId
eth_chainId
eth_call
eth_chainId
eth_chainId
eth_call
eth_chainId
eth_chainId
eth_call
eth_chainId
eth_chainId
eth_call
eth_chainId
eth_chainId
eth_call
eth_chainId
eth_chainId
eth_call
eth_chainId
eth_accounts
eth_getBlockByNumber
eth_chainId
eth_chainId
eth_estimateGas
eth_chainId
eth_getBlockByNumber
eth_sendTransaction
eth_accounts
eth_chainId

    Transaction: 0xcddca48928758b8613d9bf5c6277a4dea0a70e453c7fee605f378ec078370819
    Gas used: 32715

    Block Number: 81
    Block Hash: 0xf2b0a3e7950beb0f5cd1c3a41bebd1381af2d1f5a9940ddc4c40bb2a4524a5f1
    Block Time: "Mon, 13 Jul 2026 16:54:12 +0000"

eth_getTransactionReceipt
web3_clientVersion
eth_chainId
eth_getCode
web3_clientVersion
web3_clientVersion
eth_chainId
eth_call
eth_chainId
eth_chainId
eth_call
eth_chainId
eth_chainId
eth_call
eth_chainId
eth_chainId
eth_call
eth_chainId
eth_chainId
eth_call
eth_chainId
eth_chainId
eth_call
eth_chainId
eth_chainId
eth_call
eth_chainId
eth_chainId
eth_call
eth_chainId
eth_chainId
eth_call
eth_chainId
eth_chainId
eth_call
eth_chainId
eth_chainId
eth_call
eth_chainId
eth_chainId
eth_call
eth_chainId
eth_chainId
eth_call
eth_chainId
eth_chainId
eth_call
eth_chainId
eth_chainId
eth_call
eth_chainId
eth_chainId
eth_call
eth_chainId
eth_chainId
eth_call
eth_chainId
eth_chainId
eth_call
eth_chainId
eth_chainId
eth_call
eth_chainId
eth_chainId
eth_call
eth_chainId
eth_chainId
eth_call
eth_chainId
eth_chainId
eth_call
eth_chainId
eth_chainId
eth_call
eth_chainId
eth_chainId
eth_call
eth_chainId
eth_chainId
eth_call
eth_chainId
eth_chainId
eth_call
eth_chainId
eth_chainId
eth_call
eth_chainId
eth_chainId
eth_call
eth_chainId
eth_chainId
eth_call
eth_chainId
eth_chainId
eth_call
eth_chainId
eth_chainId
eth_call
eth_chainId
eth_chainId
eth_call
eth_chainId
eth_chainId
eth_call
eth_chainId
eth_accounts
eth_getBlockByNumber
eth_chainId
eth_chainId
eth_estimateGas
eth_chainId
eth_getBlockByNumber
eth_sendTransaction
eth_accounts
eth_chainId
eth_getTransactionReceipt

    Transaction: 0xfc5b9e8e60ac3ac67c63e0436ef0617557fb73a95bd1e66099df4b150e561dc5
    Gas used: 352619

    Block Number: 82
    Block Hash: 0xcfe3cb3a0e467d4086b7ddd3a88ecbf268d294e51b38a07f8b295be848e4ebd0
    Block Time: "Tue, 14 Jul 2026 03:43:14 +0000"

eth_getTransactionReceipt
eth_chainId
eth_call
eth_chainId
web3_clientVersion
eth_chainId
eth_call
eth_chainId
eth_chainId
eth_call
eth_chainId
eth_chainId
eth_call
eth_chainId
eth_chainId
eth_call
eth_chainId
eth_chainId
eth_call
eth_chainId
eth_chainId
eth_call
eth_chainId
eth_chainId
eth_call
eth_chainId
eth_chainId
eth_call
eth_chainId
eth_chainId
eth_call
eth_chainId
eth_chainId
eth_call
eth_chainId
eth_chainId
eth_call
eth_chainId
eth_chainId
eth_call
eth_chainId
eth_chainId
eth_call
eth_chainId
eth_chainId
eth_call
eth_chainId
eth_chainId
eth_call
eth_chainId
eth_chainId
eth_call
eth_chainId
eth_chainId
eth_call
eth_chainId
eth_chainId
eth_call
eth_chainId
eth_chainId
eth_call
eth_chainId
eth_chainId
eth_call
eth_chainId
eth_chainId
eth_call
eth_chainId
eth_chainId
eth_call
eth_chainId
eth_chainId
eth_call
eth_chainId
eth_chainId
eth_call
eth_chainId
eth_chainId
eth_call
eth_chainId
eth_chainId
eth_call
eth_chainId
eth_chainId
eth_call
eth_chainId
eth_chainId
eth_call
eth_chainId
eth_chainId
eth_call
eth_chainId
eth_chainId
eth_call
eth_chainId
eth_chainId
eth_call
eth_chainId
eth_chainId
eth_call
eth_chainId
eth_chainId
eth_call
eth_chainId
eth_chainId
eth_call
eth_chainId
eth_accounts
eth_getBlockByNumber
eth_chainId
eth_chainId
eth_estimateGas
eth_chainId
eth_getBlockByNumber
eth_sendTransaction
eth_accounts
eth_chainId

    Transaction: 0xdf7c4ae621eb543ff148f1b455afa7e184ea02bbcaf54054a23b1274ed88fd1e
    Gas used: 352619

    Block Number: 83
    Block Hash: 0x0f0fd32f591a5167387e1fcc255e4715177b7f56aa1398269b9c304e1a287983
    Block Time: "Tue, 14 Jul 2026 03:43:22 +0000"

eth_getTransactionReceipt
eth_chainId
eth_call
eth_chainId
web3_clientVersion
eth_accounts
eth_chainId
eth_call
eth_chainId
eth_chainId
eth_call
eth_chainId
eth_chainId
eth_call
eth_chainId
eth_chainId
eth_call
eth_chainId
eth_chainId
eth_call
eth_chainId
eth_chainId
eth_call
eth_chainId
eth_chainId
eth_call
eth_chainId
eth_chainId
eth_call
eth_chainId
eth_chainId
eth_call
eth_chainId
eth_chainId
eth_call
eth_chainId
eth_chainId
eth_call
eth_chainId
eth_chainId
eth_call
eth_chainId
eth_chainId
eth_call
eth_chainId
eth_chainId
eth_call
eth_chainId
eth_chainId
eth_call
eth_chainId
eth_chainId
eth_call
eth_chainId
eth_chainId
eth_call
eth_chainId
eth_chainId
eth_call
eth_chainId
eth_chainId
eth_call
eth_chainId
eth_chainId
eth_call
eth_chainId
eth_chainId
eth_call
eth_chainId
eth_chainId
eth_call
eth_chainId
eth_chainId
eth_call
eth_chainId
eth_chainId
eth_call
eth_chainId
eth_chainId
eth_call
eth_chainId
eth_chainId
eth_call
eth_chainId
eth_chainId
eth_call
eth_chainId
eth_chainId
eth_call
eth_chainId
eth_chainId
eth_call
eth_chainId
eth_chainId
eth_call
eth_chainId
eth_chainId
eth_call
eth_chainId
eth_chainId
eth_call
eth_chainId
eth_chainId
eth_call
eth_chainId
eth_chainId
eth_call
eth_chainId
eth_chainId
eth_call
eth_chainId
eth_chainId
eth_call
eth_chainId
eth_chainId
eth_call
eth_chainId
eth_chainId
eth_call
eth_chainId
eth_chainId
eth_call
eth_chainId
eth_chainId
eth_call
eth_chainId
eth_chainId
eth_call
eth_chainId
eth_chainId
eth_call
eth_chainId
eth_chainId
eth_call
eth_chainId
eth_chainId
eth_call
eth_chainId
eth_chainId
eth_call
eth_chainId
eth_chainId
eth_call
eth_chainId
eth_chainId
eth_call
eth_chainId
eth_chainId
eth_call
eth_chainId
eth_chainId
eth_call
eth_chainId
eth_chainId
eth_call
eth_chainId
eth_chainId
eth_call
eth_chainId
eth_chainId
eth_call
eth_chainId
eth_chainId
eth_call
eth_chainId
eth_chainId
eth_call
eth_chainId
eth_chainId
eth_call
eth_chainId
eth_chainId
eth_call
eth_chainId
eth_chainId
eth_call
eth_chainId
eth_chainId
eth_call
eth_chainId
eth_chainId
eth_call
eth_chainId
eth_chainId
eth_call
eth_chainId
eth_chainId
eth_call
eth_chainId
eth_chainId
eth_call
eth_chainId
eth_chainId
eth_call
eth_chainId
eth_chainId
eth_call
eth_chainId
eth_chainId
eth_call
eth_chainId
eth_chainId
eth_call
eth_chainId
eth_chainId
eth_call
eth_chainId
eth_chainId
eth_call
eth_chainId
eth_chainId
eth_call
eth_chainId
eth_getBlockByNumber
eth_chainId
eth_chainId
eth_estimateGas
eth_chainId
eth_getBlockByNumber
eth_sendTransaction
eth_accounts
eth_chainId

    Transaction: 0x2c7a7df2885ecaba431791575b45a9f934633e672493ffa24f53c984f6febdca
    Gas used: 119044

    Block Number: 84
    Block Hash: 0xc1dc7cfcf2874a4c688cf6638d98fa5cc770f8975df5d4e292eb4de9a81598ea
    Block Time: "Tue, 14 Jul 2026 03:43:22 +0000"

eth_getTransactionReceipt
eth_chainId
eth_call
eth_chainId
eth_getBlockByNumber
eth_chainId
eth_chainId
eth_estimateGas
eth_chainId
eth_getBlockByNumber
eth_sendTransaction
eth_accounts
eth_chainId

    Transaction: 0x067ac89b7d205b069862ce2f9506e7cc54a82ec40b7121d3af055333a40897cb
    Gas used: 49900

    Block Number: 85
    Block Hash: 0x3f9be102eb802f22996de115c8f37303179ee9299a6b912e90921cf37c48a29b
    Block Time: "Tue, 14 Jul 2026 03:43:22 +0000"

eth_getTransactionReceipt
eth_chainId
eth_call
eth_chainId
web3_clientVersion
eth_chainId
eth_call
eth_chainId
eth_chainId
eth_call
eth_chainId
eth_chainId
eth_call
eth_chainId
eth_chainId
eth_call
eth_chainId
eth_chainId
eth_call
eth_chainId
eth_chainId
eth_call
eth_chainId
eth_chainId
eth_call
eth_chainId
eth_chainId
eth_call
eth_chainId
eth_chainId
eth_call
eth_chainId
eth_chainId
eth_call
eth_chainId
eth_chainId
eth_call
eth_chainId
eth_chainId
eth_call
eth_chainId
eth_chainId
eth_call
eth_chainId
eth_chainId
eth_call
eth_chainId
eth_chainId
eth_call
eth_chainId
eth_chainId
eth_call
eth_chainId
eth_chainId
eth_call
eth_chainId
eth_chainId
eth_call
eth_chainId
eth_chainId
eth_call
eth_chainId
eth_chainId
eth_call
eth_chainId
eth_chainId
eth_call
eth_chainId
eth_chainId
eth_call
eth_chainId
eth_chainId
eth_call
eth_chainId
eth_chainId
eth_call
eth_chainId
eth_chainId
eth_call
eth_chainId
eth_chainId
eth_call
eth_chainId
eth_chainId
eth_call
eth_chainId
eth_chainId
eth_call
eth_chainId
eth_chainId
eth_call
eth_chainId
eth_chainId
eth_call
eth_chainId
eth_chainId
eth_call
eth_chainId
eth_chainId
eth_call
eth_chainId
eth_chainId
eth_call
eth_chainId
eth_chainId
eth_call
eth_chainId
eth_chainId
eth_call
eth_chainId
eth_chainId
eth_call
eth_chainId
eth_chainId
eth_call
eth_chainId
eth_chainId
eth_call
eth_chainId
eth_chainId
eth_call
eth_chainId
eth_chainId
eth_call
eth_chainId
eth_chainId
eth_call
eth_chainId
eth_chainId
eth_call
eth_chainId
eth_chainId
eth_call
eth_chainId
eth_chainId
eth_call
eth_chainId
eth_chainId
eth_call
eth_chainId
eth_chainId
eth_call
eth_chainId
eth_chainId
eth_call
eth_chainId
eth_chainId
eth_call
eth_chainId
eth_chainId
eth_call
eth_chainId
eth_chainId
eth_call
eth_chainId
eth_chainId
eth_call
eth_chainId
eth_chainId
eth_call
eth_chainId
eth_chainId
eth_call
eth_chainId
eth_chainId
eth_call
eth_chainId
eth_chainId
eth_call
eth_chainId
eth_chainId
eth_call
eth_chainId
eth_chainId
eth_call
eth_chainId
eth_chainId
eth_call
eth_chainId
eth_chainId
eth_call
eth_chainId
eth_chainId
eth_call
eth_chainId
eth_chainId
eth_call
eth_chainId
eth_chainId
eth_call
eth_chainId
eth_chainId
eth_call
eth_chainId
eth_chainId
eth_call
eth_chainId
eth_chainId
eth_call
eth_chainId
eth_chainId
eth_call
eth_chainId
eth_chainId
eth_call
eth_chainId
eth_chainId
eth_call
eth_chainId
eth_chainId
eth_call
eth_chainId
eth_chainId
eth_call
eth_chainId
eth_accounts
eth_getBlockByNumber
eth_chainId
eth_chainId
eth_estimateGas
eth_chainId
eth_getBlockByNumber
eth_sendTransaction
eth_accounts
eth_chainId

    Transaction: 0x56aa2eecc6a19f609cc4cbf4cdcb91755e90b0afd5695019339026bb785e4122
    Gas used: 32715

    Block Number: 86
    Block Hash: 0xedf21d4b3871ee1ab840a62a66607f2b7651de59baba9e275487b103d31a3816
    Block Time: "Tue, 14 Jul 2026 03:43:31 +0000"

eth_getTransactionReceipt
web3_clientVersion
eth_chainId
eth_getCode
web3_clientVersion
eth_chainId
eth_getCode
web3_clientVersion
eth_chainId
eth_getCode
web3_clientVersion
web3_clientVersion
eth_chainId
eth_call
eth_chainId
eth_chainId
eth_call
eth_chainId
eth_chainId
eth_call
eth_chainId
eth_chainId
eth_call
eth_chainId
eth_chainId
eth_call
eth_chainId
eth_chainId
eth_call
eth_chainId
eth_chainId
eth_call
eth_chainId
eth_chainId
eth_call
eth_chainId
eth_chainId
eth_call
eth_chainId
eth_chainId
eth_call
eth_chainId
eth_chainId
eth_call
eth_chainId
eth_chainId
eth_call
eth_chainId
eth_chainId
eth_call
eth_chainId
eth_chainId
eth_call
eth_chainId
eth_chainId
eth_call
eth_chainId
eth_chainId
eth_call
eth_chainId
eth_chainId
eth_call
eth_chainId
eth_chainId
eth_call
eth_chainId
eth_chainId
eth_call
eth_chainId
eth_chainId
eth_call
eth_chainId
eth_chainId
eth_call
eth_chainId
eth_chainId
eth_call
eth_chainId
eth_chainId
eth_call
eth_chainId
eth_chainId
eth_call
eth_chainId
eth_chainId
eth_call
eth_chainId
eth_chainId
eth_call
eth_chainId
eth_chainId
eth_call
eth_chainId
eth_chainId
eth_call
eth_chainId
eth_chainId
eth_call
eth_chainId
eth_chainId
eth_call
eth_chainId
eth_chainId
eth_call
eth_chainId
eth_chainId
eth_call
eth_chainId
eth_chainId
eth_call
eth_chainId
eth_chainId
eth_call
eth_chainId
eth_chainId
eth_call
eth_chainId
eth_accounts
eth_getBlockByNumber
eth_chainId
eth_chainId
eth_estimateGas
eth_chainId
eth_getBlockByNumber
eth_sendTransaction
eth_accounts
eth_chainId
eth_getTransactionReceipt

    Transaction: 0x8288a190c262ccfb70086e0d5ba641a21e40e18cf9e681d8ff8d1e842601db1a
    Gas used: 352619

    Block Number: 87
    Block Hash: 0xb0303a7f1d93086d1ee73e8610c584e5a96ff2acc4559b1507550a603fb2c043
    Block Time: "Wed, 29 Jul 2026 05:39:52 +0000"

eth_getTransactionReceipt
eth_chainId
eth_call
eth_chainId
web3_clientVersion
eth_chainId
eth_call
eth_chainId
eth_chainId
eth_call
eth_chainId
eth_chainId
eth_call
eth_chainId
eth_chainId
eth_call
eth_chainId
eth_chainId
eth_call
eth_chainId
eth_chainId
eth_call
eth_chainId
eth_chainId
eth_call
eth_chainId
eth_chainId
eth_call
eth_chainId
eth_chainId
eth_call
eth_chainId
eth_chainId
eth_call
eth_chainId
eth_chainId
eth_call
eth_chainId
eth_chainId
eth_call
eth_chainId
eth_chainId
eth_call
eth_chainId
eth_chainId
eth_call
eth_chainId
eth_chainId
eth_call
eth_chainId
eth_chainId
eth_call
eth_chainId
eth_chainId
eth_call
eth_chainId
eth_chainId
eth_call
eth_chainId
eth_chainId
eth_call
eth_chainId
eth_chainId
eth_call
eth_chainId
eth_chainId
eth_call
eth_chainId
eth_chainId
eth_call
eth_chainId
eth_chainId
eth_call
eth_chainId
eth_chainId
eth_call
eth_chainId
eth_chainId
eth_call
eth_chainId
eth_chainId
eth_call
eth_chainId
eth_chainId
eth_call
eth_chainId
eth_chainId
eth_call
eth_chainId
eth_chainId
eth_call
eth_chainId
eth_chainId
eth_call
eth_chainId
eth_chainId
eth_call
eth_chainId
eth_chainId
eth_call
eth_chainId
eth_chainId
eth_call
eth_chainId
eth_chainId
eth_call
eth_chainId
eth_chainId
eth_call
eth_chainId
eth_chainId
eth_call
eth_chainId
eth_accounts
eth_getBlockByNumber
eth_chainId
eth_chainId
eth_estimateGas
eth_chainId
eth_getBlockByNumber
eth_sendTransaction
eth_accounts
eth_chainId

    Transaction: 0xda533616be93b9190c56270bb0a969f701b06673ebeb3377ca05496a5bba1418
    Gas used: 352619

    Block Number: 88
    Block Hash: 0xe936c3a1be1bd28a41c072576be010b5ce454051821111d40661b2142ec6642f
    Block Time: "Wed, 29 Jul 2026 05:39:59 +0000"

eth_getTransactionReceipt
eth_chainId
eth_call
eth_chainId
web3_clientVersion
eth_accounts
eth_chainId
eth_call
eth_chainId
eth_chainId
eth_call
eth_chainId
eth_chainId
eth_call
eth_chainId
eth_chainId
eth_call
eth_chainId
eth_chainId
eth_call
eth_chainId
eth_chainId
eth_call
eth_chainId
eth_chainId
eth_call
eth_chainId
eth_chainId
eth_call
eth_chainId
eth_chainId
eth_call
eth_chainId
eth_chainId
eth_call
eth_chainId
eth_chainId
eth_call
eth_chainId
eth_chainId
eth_call
eth_chainId
eth_chainId
eth_call
eth_chainId
eth_chainId
eth_call
eth_chainId
eth_chainId
eth_call
eth_chainId
eth_chainId
eth_call
eth_chainId
eth_chainId
eth_call
eth_chainId
eth_chainId
eth_call
eth_chainId
eth_chainId
eth_call
eth_chainId
eth_chainId
eth_call
eth_chainId
eth_chainId
eth_call
eth_chainId
eth_chainId
eth_call
eth_chainId
eth_chainId
eth_call
eth_chainId
eth_chainId
eth_call
eth_chainId
eth_chainId
eth_call
eth_chainId
eth_chainId
eth_call
eth_chainId
eth_chainId
eth_call
eth_chainId
eth_chainId
eth_call
eth_chainId
eth_chainId
eth_call
eth_chainId
eth_chainId
eth_call
eth_chainId
eth_chainId
eth_call
eth_chainId
eth_chainId
eth_call
eth_chainId
eth_chainId
eth_call
eth_chainId
eth_chainId
eth_call
eth_chainId
eth_chainId
eth_call
eth_chainId
eth_chainId
eth_call
eth_chainId
eth_chainId
eth_call
eth_chainId
eth_chainId
eth_call
eth_chainId
eth_chainId
eth_call
eth_chainId
eth_chainId
eth_call
eth_chainId
eth_chainId
eth_call
eth_chainId
eth_chainId
eth_call
eth_chainId
eth_chainId
eth_call
eth_chainId
eth_chainId
eth_call
eth_chainId
eth_chainId
eth_call
eth_chainId
eth_chainId
eth_call
eth_chainId
eth_chainId
eth_call
eth_chainId
eth_chainId
eth_call
eth_chainId
eth_chainId
eth_call
eth_chainId
eth_chainId
eth_call
eth_chainId
eth_chainId
eth_call
eth_chainId
eth_chainId
eth_call
eth_chainId
eth_chainId
eth_call
eth_chainId
eth_chainId
eth_call
eth_chainId
eth_chainId
eth_call
eth_chainId
eth_chainId
eth_call
eth_chainId
eth_chainId
eth_call
eth_chainId
eth_chainId
eth_call
eth_chainId
eth_chainId
eth_call
eth_chainId
eth_chainId
eth_call
eth_chainId
eth_chainId
eth_call
eth_chainId
eth_chainId
eth_call
eth_chainId
eth_chainId
eth_call
eth_chainId
eth_chainId
eth_call
eth_chainId
eth_chainId
eth_call
eth_chainId
eth_chainId
eth_call
eth_chainId
eth_chainId
eth_call
eth_chainId
eth_chainId
eth_call
eth_chainId
eth_chainId
eth_call
eth_chainId
eth_chainId
eth_call
eth_chainId
eth_chainId
eth_call
eth_chainId
eth_chainId
eth_call
eth_chainId
eth_chainId
eth_call
eth_chainId
eth_getBlockByNumber
eth_chainId
eth_chainId
eth_estimateGas
eth_chainId
eth_getBlockByNumber
eth_sendTransaction
eth_accounts
eth_chainId

    Transaction: 0x2583571abf3e71d8cd7ca44950a55d3698a2fd4d50d6c6e6c36c46717df8b741
    Gas used: 119044

    Block Number: 89
    Block Hash: 0x8a9ed8b2747fee80d4329ffe4d5f0e094cfdc98d438cee1868bcbdb1e82242a4
    Block Time: "Wed, 29 Jul 2026 05:40:00 +0000"

eth_getTransactionReceipt
eth_chainId
eth_call
eth_chainId
eth_getBlockByNumber
eth_chainId
eth_chainId
eth_estimateGas
eth_chainId
eth_getBlockByNumber
eth_sendTransaction
eth_accounts
eth_chainId

    Transaction: 0x8a0c01eef5f23b7ecf2635ae6152406f6f1da91b2a6982db541ba43418f4f330
    Gas used: 49900

    Block Number: 90
    Block Hash: 0x375a66c2c3983a956bd33726fe51a89b5b60697c4c981e86ac9336c3bbc9cbc7
    Block Time: "Wed, 29 Jul 2026 05:40:00 +0000"

eth_getTransactionReceipt
eth_chainId
eth_call
eth_chainId
web3_clientVersion
eth_chainId
eth_call
eth_chainId
eth_chainId
eth_call
eth_chainId
eth_chainId
eth_call
eth_chainId
eth_chainId
eth_call
eth_chainId
eth_chainId
eth_call
eth_chainId
eth_chainId
eth_call
eth_chainId
eth_chainId
eth_call
eth_chainId
eth_chainId
eth_call
eth_chainId
eth_chainId
eth_call
eth_chainId
eth_chainId
eth_call
eth_chainId
eth_chainId
eth_call
eth_chainId
eth_chainId
eth_call
eth_chainId
eth_chainId
eth_call
eth_chainId
eth_chainId
eth_call
eth_chainId
eth_chainId
eth_call
eth_chainId
eth_chainId
eth_call
eth_chainId
eth_chainId
eth_call
eth_chainId
eth_chainId
eth_call
eth_chainId
eth_chainId
eth_call
eth_chainId
eth_chainId
eth_call
eth_chainId
eth_chainId
eth_call
eth_chainId
eth_chainId
eth_call
eth_chainId
eth_chainId
eth_call
eth_chainId
eth_chainId
eth_call
eth_chainId
eth_chainId
eth_call
eth_chainId
eth_chainId
eth_call
eth_chainId
eth_chainId
eth_call
eth_chainId
eth_chainId
eth_call
eth_chainId
eth_chainId
eth_call
eth_chainId
eth_chainId
eth_call
eth_chainId
eth_chainId
eth_call
eth_chainId
eth_chainId
eth_call
eth_chainId
eth_chainId
eth_call
eth_chainId
eth_chainId
eth_call
eth_chainId
eth_chainId
eth_call
eth_chainId
eth_chainId
eth_call
eth_chainId
eth_chainId
eth_call
eth_chainId
eth_chainId
eth_call
eth_chainId
eth_chainId
eth_call
eth_chainId
eth_chainId
eth_call
eth_chainId
eth_chainId
eth_call
eth_chainId
eth_chainId
eth_call
eth_chainId
eth_chainId
eth_call
eth_chainId
eth_chainId
eth_call
eth_chainId
eth_chainId
eth_call
eth_chainId
eth_chainId
eth_call
eth_chainId
eth_chainId
eth_call
eth_chainId
eth_chainId
eth_call
eth_chainId
eth_chainId
eth_call
eth_chainId
eth_chainId
eth_call
eth_chainId
eth_chainId
eth_call
eth_chainId
eth_chainId
eth_call
eth_chainId
eth_chainId
eth_call
eth_chainId
eth_chainId
eth_call
eth_chainId
eth_chainId
eth_call
eth_chainId
eth_chainId
eth_call
eth_chainId
eth_chainId
eth_call
eth_chainId
eth_chainId
eth_call
eth_chainId
eth_chainId
eth_call
eth_chainId
eth_chainId
eth_call
eth_chainId
eth_chainId
eth_call
eth_chainId
eth_chainId
eth_call
eth_chainId
eth_chainId
eth_call
eth_chainId
eth_chainId
eth_call
eth_chainId
eth_chainId
eth_call
eth_chainId
eth_chainId
eth_call
eth_chainId
eth_chainId
eth_call
eth_chainId
eth_chainId
eth_call
eth_chainId
eth_chainId
eth_call
eth_chainId
eth_chainId
eth_call
eth_chainId
eth_chainId
eth_call
eth_chainId
eth_chainId
eth_call
eth_chainId
eth_chainId
eth_call
eth_chainId
eth_chainId
eth_call
eth_chainId
web3_clientVersion
eth_chainId
eth_getCode
web3_clientVersion
web3_clientVersion
eth_chainId
eth_call
eth_chainId
eth_chainId
eth_call
eth_chainId
eth_chainId
eth_call
eth_chainId
eth_chainId
eth_call
eth_chainId
eth_chainId
eth_call
eth_chainId
eth_chainId
eth_call
eth_chainId
eth_chainId
eth_call
eth_chainId
eth_chainId
eth_call
eth_chainId
eth_chainId
eth_call
eth_chainId
eth_chainId
eth_call
eth_chainId
eth_chainId
eth_call
eth_chainId
eth_chainId
eth_call
eth_chainId
eth_chainId
eth_call
eth_chainId
eth_chainId
eth_call
eth_chainId
eth_chainId
eth_call
eth_chainId
eth_chainId
eth_call
eth_chainId
eth_chainId
eth_call
eth_chainId
eth_chainId
eth_call
eth_chainId
eth_chainId
eth_call
eth_chainId
eth_chainId
eth_call
eth_chainId
eth_chainId
eth_call
eth_chainId
eth_chainId
eth_call
eth_chainId
eth_chainId
eth_call
eth_chainId
eth_chainId
eth_call
eth_chainId
eth_chainId
eth_call
eth_chainId
eth_chainId
eth_call
eth_chainId
eth_chainId
eth_call
eth_chainId
eth_chainId
eth_call
eth_chainId
eth_chainId
eth_call
eth_chainId
eth_chainId
eth_call
eth_chainId
eth_chainId
eth_call
eth_chainId
eth_chainId
eth_call
eth_chainId
eth_chainId
eth_call
eth_chainId
eth_chainId
eth_call
eth_chainId
eth_chainId
eth_call
eth_chainId
eth_chainId
eth_call
eth_chainId
eth_chainId
eth_call
eth_chainId
eth_accounts
eth_getBlockByNumber
eth_chainId
eth_chainId
eth_estimateGas
eth_chainId
eth_getBlockByNumber
eth_sendTransaction
eth_accounts
eth_chainId

    Transaction: 0x142e854e199fd01895953c702ced7ea6f86b0949c9828fb1e70fbc0fdb0df321
    Gas used: 352619

    Block Number: 91
    Block Hash: 0x1b0507b1e7d50b8cbbba3cbd549252ee096d68110a284024980451e64bd70e0b
    Block Time: "Wed, 29 Jul 2026 05:55:19 +0000"

eth_getTransactionReceipt
eth_chainId
eth_call
eth_chainId
web3_clientVersion
eth_chainId
eth_call
eth_chainId
eth_chainId
eth_call
eth_chainId
eth_chainId
eth_call
eth_chainId
eth_chainId
eth_call
eth_chainId
eth_chainId
eth_call
eth_chainId
eth_chainId
eth_call
eth_chainId
eth_chainId
eth_call
eth_chainId
eth_chainId
eth_call
eth_chainId
eth_chainId
eth_call
eth_chainId
eth_chainId
eth_call
eth_chainId
eth_chainId
eth_call
eth_chainId
eth_chainId
eth_call
eth_chainId
eth_chainId
eth_call
eth_chainId
eth_chainId
eth_call
eth_chainId
eth_chainId
eth_call
eth_chainId
eth_chainId
eth_call
eth_chainId
eth_chainId
eth_call
eth_chainId
eth_chainId
eth_call
eth_chainId
eth_chainId
eth_call
eth_chainId
eth_chainId
eth_call
eth_chainId
eth_chainId
eth_call
eth_chainId
eth_chainId
eth_call
eth_chainId
eth_chainId
eth_call
eth_chainId
eth_chainId
eth_call
eth_chainId
eth_chainId
eth_call
eth_chainId
eth_chainId
eth_call
eth_chainId
eth_chainId
eth_call
eth_chainId
eth_chainId
eth_call
eth_chainId
eth_chainId
eth_call
eth_chainId
eth_chainId
eth_call
eth_chainId
eth_chainId
eth_call
eth_chainId
eth_chainId
eth_call
eth_chainId
eth_chainId
eth_call
eth_chainId
eth_chainId
eth_call
eth_chainId
eth_chainId
eth_call
eth_chainId
eth_chainId
eth_call
eth_chainId
eth_chainId
eth_call
eth_chainId
eth_chainId
eth_call
eth_chainId
eth_accounts
eth_getBlockByNumber
eth_chainId
eth_chainId
eth_estimateGas
eth_chainId
eth_getBlockByNumber
eth_sendTransaction
eth_accounts
eth_chainId

    Transaction: 0x3f5225a7b88903fbab55b121da3166ca8514e3d74cd08e38ffc76622bb00b8a9
    Gas used: 352619

    Block Number: 92
    Block Hash: 0xd46e037661e6cb4c612e27f65505dd02bd80d6f93e0b0750fc4d2f789d31bef0
    Block Time: "Wed, 29 Jul 2026 05:55:26 +0000"

eth_getTransactionReceipt
eth_chainId
eth_call
eth_chainId
web3_clientVersion
eth_accounts
eth_chainId
eth_call
eth_chainId
eth_chainId
eth_call
eth_chainId
eth_chainId
eth_call
eth_chainId
eth_chainId
eth_call
eth_chainId
eth_chainId
eth_call
eth_chainId
eth_chainId
eth_call
eth_chainId
eth_chainId
eth_call
eth_chainId
eth_chainId
eth_call
eth_chainId
eth_chainId
eth_call
eth_chainId
eth_chainId
eth_call
eth_chainId
eth_chainId
eth_call
eth_chainId
eth_chainId
eth_call
eth_chainId
eth_chainId
eth_call
eth_chainId
eth_chainId
eth_call
eth_chainId
eth_chainId
eth_call
eth_chainId
eth_chainId
eth_call
eth_chainId
eth_chainId
eth_call
eth_chainId
eth_chainId
eth_call
eth_chainId
eth_chainId
eth_call
eth_chainId
eth_chainId
eth_call
eth_chainId
eth_chainId
eth_call
eth_chainId
eth_chainId
eth_call
eth_chainId
eth_chainId
eth_call
eth_chainId
eth_chainId
eth_call
eth_chainId
eth_chainId
eth_call
eth_chainId
eth_chainId
eth_call
eth_chainId
eth_chainId
eth_call
eth_chainId
eth_chainId
eth_call
eth_chainId
eth_chainId
eth_call
eth_chainId
eth_chainId
eth_call
eth_chainId
eth_chainId
eth_call
eth_chainId
eth_chainId
eth_call
eth_chainId
eth_chainId
eth_call
eth_chainId
eth_chainId
eth_call
eth_chainId
eth_chainId
eth_call
eth_chainId
eth_chainId
eth_call
eth_chainId
eth_chainId
eth_call
eth_chainId
eth_chainId
eth_call
eth_chainId
eth_chainId
eth_call
eth_chainId
eth_chainId
eth_call
eth_chainId
eth_chainId
eth_call
eth_chainId
eth_chainId
eth_call
eth_chainId
eth_chainId
eth_call
eth_chainId
eth_chainId
eth_call
eth_chainId
eth_chainId
eth_call
eth_chainId
eth_chainId
eth_call
eth_chainId
eth_chainId
eth_call
eth_chainId
eth_chainId
eth_call
eth_chainId
eth_chainId
eth_call
eth_chainId
eth_chainId
eth_call
eth_chainId
eth_chainId
eth_call
eth_chainId
eth_chainId
eth_call
eth_chainId
eth_chainId
eth_call
eth_chainId
eth_chainId
eth_call
eth_chainId
eth_chainId
eth_call
eth_chainId
eth_chainId
eth_call
eth_chainId
eth_chainId
eth_call
eth_chainId
eth_chainId
eth_call
eth_chainId
eth_chainId
eth_call
eth_chainId
eth_chainId
eth_call
eth_chainId
eth_chainId
eth_call
eth_chainId
eth_chainId
eth_call
eth_chainId
eth_chainId
eth_call
eth_chainId
eth_chainId
eth_call
eth_chainId
eth_chainId
eth_call
eth_chainId
eth_chainId
eth_call
eth_chainId
eth_chainId
eth_call
eth_chainId
eth_chainId
eth_call
eth_chainId
eth_chainId
eth_call
eth_chainId
eth_chainId
eth_call
eth_chainId
eth_chainId
eth_call
eth_chainId
eth_chainId
eth_call
eth_chainId
eth_chainId
eth_call
eth_chainId
eth_chainId
eth_call
eth_chainId
eth_chainId
eth_call
eth_chainId
eth_chainId
eth_call
eth_chainId
eth_chainId
eth_call
eth_chainId
eth_getBlockByNumber
eth_chainId
eth_chainId
eth_estimateGas
eth_chainId
eth_getBlockByNumber
eth_sendTransaction
eth_accounts
eth_chainId

    Transaction: 0xeff161c88085863c5a5f7a9f499749407076fa85d36407ec46ac5840f879dbce
    Gas used: 119044

    Block Number: 93
    Block Hash: 0xd0f8292241f0ec50f5f345631aa96a33cc480fd97ed2ae76e3d54bc8d3b31a8b
    Block Time: "Wed, 29 Jul 2026 05:55:27 +0000"

eth_getTransactionReceipt
eth_chainId
eth_call
eth_chainId
eth_getBlockByNumber
eth_chainId
eth_chainId
eth_estimateGas
eth_chainId
eth_getBlockByNumber
eth_sendTransaction
eth_accounts
eth_chainId
eth_getTransactionReceipt

    Transaction: 0x517743f4483f0bc9fd5fbcc8a43f82d0be472b22b55f7656e07467387ee2c8d3
    Gas used: 49900

    Block Number: 94
    Block Hash: 0xf8c2f0238d15bfd72040194d82e4707f50779dd836167f670a3f07fc788b7a72
    Block Time: "Wed, 29 Jul 2026 05:55:27 +0000"

eth_getTransactionReceipt
eth_chainId
eth_call
eth_chainId
web3_clientVersion
eth_chainId
eth_call
eth_chainId
eth_chainId
eth_call
eth_chainId
eth_chainId
eth_call
eth_chainId
eth_chainId
eth_call
eth_chainId
eth_chainId
eth_call
eth_chainId
eth_chainId
eth_call
eth_chainId
eth_chainId
eth_call
eth_chainId
eth_chainId
eth_call
eth_chainId
eth_chainId
eth_call
eth_chainId
eth_chainId
eth_call
eth_chainId
eth_chainId
eth_call
eth_chainId
eth_chainId
eth_call
eth_chainId
eth_chainId
eth_call
eth_chainId
eth_chainId
eth_call
eth_chainId
eth_chainId
eth_call
eth_chainId
eth_chainId
eth_call
eth_chainId
eth_chainId
eth_call
eth_chainId
eth_chainId
eth_call
eth_chainId
eth_chainId
eth_call
eth_chainId
eth_chainId
eth_call
eth_chainId
eth_chainId
eth_call
eth_chainId
eth_chainId
eth_call
eth_chainId
eth_chainId
eth_call
eth_chainId
eth_chainId
eth_call
eth_chainId
eth_chainId
eth_call
eth_chainId
eth_chainId
eth_call
eth_chainId
eth_chainId
eth_call
eth_chainId
eth_chainId
eth_call
eth_chainId
eth_chainId
eth_call
eth_chainId
eth_chainId
eth_call
eth_chainId
eth_chainId
eth_call
eth_chainId
eth_chainId
eth_call
eth_chainId
eth_chainId
eth_call
eth_chainId
eth_chainId
eth_call
eth_chainId
eth_chainId
eth_call
eth_chainId
eth_chainId
eth_call
eth_chainId
eth_chainId
eth_call
eth_chainId
eth_chainId
eth_call
eth_chainId
eth_chainId
eth_call
eth_chainId
eth_chainId
eth_call
eth_chainId
eth_chainId
eth_call
eth_chainId
eth_chainId
eth_call
eth_chainId
eth_chainId
eth_call
eth_chainId
eth_chainId
eth_call
eth_chainId
eth_chainId
eth_call
eth_chainId
eth_chainId
eth_call
eth_chainId
eth_chainId
eth_call
eth_chainId
eth_chainId
eth_call
eth_chainId
eth_chainId
eth_call
eth_chainId
eth_chainId
eth_call
eth_chainId
eth_chainId
eth_call
eth_chainId
eth_chainId
eth_call
eth_chainId
eth_chainId
eth_call
eth_chainId
eth_chainId
eth_call
eth_chainId
eth_chainId
eth_call
eth_chainId
eth_chainId
eth_call
eth_chainId
eth_chainId
eth_call
eth_chainId
eth_chainId
eth_call
eth_chainId
eth_chainId
eth_call
eth_chainId
eth_chainId
eth_call
eth_chainId
eth_chainId
eth_call
eth_chainId
eth_chainId
eth_call
eth_chainId
eth_chainId
eth_call
eth_chainId
eth_chainId
eth_call
eth_chainId
eth_chainId
eth_call
eth_chainId
eth_chainId
eth_call
eth_chainId
eth_chainId
eth_call
eth_chainId
eth_chainId
eth_call
eth_chainId
eth_chainId
eth_call
eth_chainId
eth_chainId
eth_call
eth_chainId
eth_chainId
eth_call
eth_chainId
eth_chainId
eth_call
eth_chainId
eth_chainId
eth_call
eth_chainId
eth_chainId
eth_call
eth_chainId
eth_chainId
eth_call
eth_chainId
eth_chainId
eth_call
eth_chainId
eth_chainId
eth_call
eth_chainId
eth_chainId
eth_call
eth_chainId
web3_clientVersion
eth_chainId
eth_call
eth_chainId
eth_chainId
eth_call
eth_chainId
eth_chainId
eth_call
eth_chainId
eth_chainId
eth_call
eth_chainId
eth_chainId
eth_call
eth_chainId
eth_chainId
eth_call
eth_chainId
eth_chainId
eth_call
eth_chainId
eth_chainId
eth_call
eth_chainId
eth_chainId
eth_call
eth_chainId
eth_chainId
eth_call
eth_chainId
eth_chainId
eth_call
eth_chainId
eth_chainId
eth_call
eth_chainId
eth_chainId
eth_call
eth_chainId
eth_chainId
eth_call
eth_chainId
eth_chainId
eth_call
eth_chainId
eth_chainId
eth_call
eth_chainId
eth_chainId
eth_call
eth_chainId
eth_chainId
eth_call
eth_chainId
eth_chainId
eth_call
eth_chainId
eth_chainId
eth_call
eth_chainId
eth_chainId
eth_call
eth_chainId
eth_chainId
eth_call
eth_chainId
eth_chainId
eth_call
eth_chainId
eth_chainId
eth_call
eth_chainId
eth_chainId
eth_call
eth_chainId
eth_chainId
eth_call
eth_chainId
eth_chainId
eth_call
eth_chainId
eth_chainId
eth_call
eth_chainId
eth_chainId
eth_call
eth_chainId
eth_chainId
eth_call
eth_chainId
eth_chainId
eth_call
eth_chainId
eth_chainId
eth_call
eth_chainId
eth_chainId
eth_call
eth_chainId
eth_chainId
eth_call
eth_chainId
eth_chainId
eth_call
eth_chainId
eth_chainId
eth_call
eth_chainId
eth_chainId
eth_call
eth_chainId
eth_chainId
eth_call
eth_chainId
eth_chainId
eth_call
eth_chainId
eth_chainId
eth_call
eth_chainId
eth_chainId
eth_call
eth_chainId
eth_chainId
eth_call
eth_chainId
eth_chainId
eth_call
eth_chainId
eth_chainId
eth_call
eth_chainId
eth_chainId
eth_call
eth_chainId
eth_chainId
eth_call
eth_chainId
eth_chainId
eth_call
eth_chainId
eth_chainId
eth_call
eth_chainId
eth_chainId
eth_call
eth_chainId
eth_chainId
eth_call
eth_chainId
eth_chainId
eth_call
eth_chainId
eth_chainId
eth_call
eth_chainId
eth_chainId
eth_call
eth_chainId
eth_chainId
eth_call
eth_chainId
eth_chainId
eth_call
eth_chainId
eth_chainId
eth_call
eth_chainId
eth_chainId
eth_call
eth_chainId
eth_chainId
eth_call
eth_chainId
eth_chainId
eth_call
eth_chainId
eth_chainId
eth_call
eth_chainId
eth_chainId
eth_call
eth_chainId
eth_chainId
eth_call
eth_chainId
eth_chainId
eth_call
eth_chainId
eth_chainId
eth_call
eth_chainId
eth_chainId
eth_call
eth_chainId
eth_chainId
eth_call
eth_chainId
eth_chainId
eth_call
eth_chainId
eth_chainId
eth_call
eth_chainId
eth_chainId
eth_call
eth_chainId
eth_chainId
eth_call
eth_chainId
eth_chainId
eth_call
eth_chainId
eth_chainId
eth_call
eth_chainId
eth_chainId
eth_call
eth_chainId
eth_chainId
eth_call
eth_chainId
eth_chainId
eth_call
eth_chainId
eth_chainId
eth_call
eth_chainId
eth_chainId
eth_call
eth_chainId
eth_chainId
eth_call
eth_chainId
web3_clientVersion
eth_chainId
eth_call
eth_chainId
eth_chainId
eth_call
eth_chainId
eth_chainId
eth_call
eth_chainId
eth_chainId
eth_call
eth_chainId
eth_chainId
eth_call
eth_chainId
eth_chainId
eth_call
eth_chainId
eth_chainId
eth_call
eth_chainId
eth_chainId
eth_call
eth_chainId
eth_chainId
eth_call
eth_chainId
eth_chainId
eth_call
eth_chainId
eth_chainId
eth_call
eth_chainId
eth_chainId
eth_call
eth_chainId
eth_chainId
eth_call
eth_chainId
eth_chainId
eth_call
eth_chainId
eth_chainId
eth_call
eth_chainId
eth_chainId
eth_call
eth_chainId
eth_chainId
eth_call
eth_chainId
eth_chainId
eth_call
eth_chainId
eth_chainId
eth_call
eth_chainId
eth_chainId
eth_call
eth_chainId
eth_chainId
eth_call
eth_chainId
eth_chainId
eth_call
eth_chainId
eth_chainId
eth_call
eth_chainId
eth_chainId
eth_call
eth_chainId
eth_chainId
eth_call
eth_chainId
eth_chainId
eth_call
eth_chainId
eth_chainId
eth_call
eth_chainId
eth_chainId
eth_call
eth_chainId
eth_chainId
eth_call
eth_chainId
eth_chainId
eth_call
eth_chainId
eth_chainId
eth_call
eth_chainId
eth_chainId
eth_call
eth_chainId
eth_chainId
eth_call
eth_chainId
eth_chainId
eth_call
eth_chainId
eth_chainId
eth_call
eth_chainId
eth_chainId
eth_call
eth_chainId
eth_chainId
eth_call
eth_chainId
eth_chainId
eth_call
eth_chainId
eth_chainId
eth_call
eth_chainId
eth_chainId
eth_call
eth_chainId
eth_chainId
eth_call
eth_chainId
eth_chainId
eth_call
eth_chainId
eth_chainId
eth_call
eth_chainId
eth_chainId
eth_call
eth_chainId
eth_chainId
eth_call
eth_chainId
eth_chainId
eth_call
eth_chainId
eth_chainId
eth_call
eth_chainId
eth_chainId
eth_call
eth_chainId
eth_chainId
eth_call
eth_chainId
eth_chainId
eth_call
eth_chainId
eth_chainId
eth_call
eth_chainId
eth_chainId
eth_call
eth_chainId
eth_chainId
eth_call
eth_chainId
eth_chainId
eth_call
eth_chainId
eth_chainId
eth_call
eth_chainId
eth_chainId
eth_call
eth_chainId
eth_chainId
eth_call
eth_chainId
eth_chainId
eth_call
eth_chainId
eth_chainId
eth_call
eth_chainId
eth_chainId
eth_call
eth_chainId
eth_chainId
eth_call
eth_chainId
eth_chainId
eth_call
eth_chainId
eth_chainId
eth_call
eth_chainId
eth_chainId
eth_call
eth_chainId
eth_chainId
eth_call
eth_chainId
eth_chainId
eth_call
eth_chainId
eth_chainId
eth_call
eth_chainId
eth_chainId
eth_call
eth_chainId
eth_chainId
eth_call
eth_chainId
eth_chainId
eth_call
eth_chainId
eth_chainId
eth_call
eth_chainId
eth_chainId
eth_call
eth_chainId
eth_chainId
eth_call
eth_chainId
eth_chainId
eth_call
eth_chainId
eth_chainId
eth_call
eth_chainId
eth_chainId
eth_call
eth_chainId
eth_chainId
eth_call
eth_chainId
eth_chainId
eth_call
eth_chainId
eth_accounts
eth_getBlockByNumber
eth_chainId
eth_chainId
eth_estimateGas
eth_chainId
eth_getBlockByNumber
eth_sendTransaction
eth_accounts
eth_chainId

    Transaction: 0xb0bed95a74c6ed180f1fd433c9bfc0c6952e8eefc84847cafb1856865d9f2f8c
    Gas used: 32715

    Block Number: 95
    Block Hash: 0x82201619db888030a02af85296aa9f2f895b15af6d84569f57f478c4815ab570
    Block Time: "Wed, 29 Jul 2026 05:59:33 +0000"

eth_getTransactionReceipt
web3_clientVersion
eth_chainId
eth_getCode
web3_clientVersion
web3_clientVersion
eth_chainId
eth_call
eth_chainId
eth_chainId
eth_call
eth_chainId
eth_chainId
eth_call
eth_chainId
eth_chainId
eth_call
eth_chainId
eth_chainId
eth_call
eth_chainId
eth_chainId
eth_call
eth_chainId
eth_chainId
eth_call
eth_chainId
eth_chainId
eth_call
eth_chainId
eth_chainId
eth_call
eth_chainId
eth_chainId
eth_call
eth_chainId
eth_chainId
eth_call
eth_chainId
eth_chainId
eth_call
eth_chainId
eth_chainId
eth_call
eth_chainId
eth_chainId
eth_call
eth_chainId
eth_chainId
eth_call
eth_chainId
eth_chainId
eth_call
eth_chainId
eth_chainId
eth_call
eth_chainId
eth_chainId
eth_call
eth_chainId
eth_chainId
eth_call
eth_chainId
eth_chainId
eth_call
eth_chainId
eth_chainId
eth_call
eth_chainId
eth_chainId
eth_call
eth_chainId
eth_chainId
eth_call
eth_chainId
eth_chainId
eth_call
eth_chainId
eth_chainId
eth_call
eth_chainId
eth_chainId
eth_call
eth_chainId
eth_chainId
eth_call
eth_chainId
eth_chainId
eth_call
eth_chainId
eth_chainId
eth_call
eth_chainId
eth_chainId
eth_call
eth_chainId
eth_chainId
eth_call
eth_chainId
eth_chainId
eth_call
eth_chainId
eth_chainId
eth_call
eth_chainId
eth_chainId
eth_call
eth_chainId
eth_chainId
eth_call
eth_chainId
eth_chainId
eth_call
eth_chainId
eth_chainId
eth_call
eth_chainId
eth_chainId
eth_call
eth_chainId
eth_chainId
eth_call
eth_chainId
eth_accounts
eth_getBlockByNumber
eth_chainId
eth_chainId
eth_estimateGas
eth_chainId
eth_getBlockByNumber
eth_sendTransaction
eth_accounts
eth_chainId
eth_getTransactionReceipt

    Transaction: 0x2b8ff72a78713ba76f026358384ca03f01423e039c3de3e0afd40df321dc900d
    Gas used: 352619

    Block Number: 96
    Block Hash: 0x405e88c3a00f931f9cefb103f80309365e545f7d127713d88d938604bb4f534c
    Block Time: "Wed, 29 Jul 2026 05:59:49 +0000"

eth_getTransactionReceipt
eth_chainId
eth_call
eth_chainId
web3_clientVersion
eth_chainId
eth_getCode
web3_clientVersion
web3_clientVersion
eth_chainId
eth_call
eth_chainId
eth_chainId
eth_call
eth_chainId
eth_chainId
eth_call
eth_chainId
eth_chainId
eth_call
eth_chainId
eth_chainId
eth_call
eth_chainId
eth_chainId
eth_call
eth_chainId
eth_chainId
eth_call
eth_chainId
eth_chainId
eth_call
eth_chainId
eth_chainId
eth_call
eth_chainId
eth_chainId
eth_call
eth_chainId
eth_chainId
eth_call
eth_chainId
eth_chainId
eth_call
eth_chainId
eth_chainId
eth_call
eth_chainId
eth_chainId
eth_call
eth_chainId
eth_chainId
eth_call
eth_chainId
eth_chainId
eth_call
eth_chainId
eth_chainId
eth_call
eth_chainId
eth_chainId
eth_call
eth_chainId
eth_chainId
eth_call
eth_chainId
eth_chainId
eth_call
eth_chainId
eth_chainId
eth_call
eth_chainId
eth_chainId
eth_call
eth_chainId
eth_chainId
eth_call
eth_chainId
eth_chainId
eth_call
eth_chainId
eth_chainId
eth_call
eth_chainId
eth_chainId
eth_call
eth_chainId
eth_chainId
eth_call
eth_chainId
eth_chainId
eth_call
eth_chainId
eth_chainId
eth_call
eth_chainId
eth_chainId
eth_call
eth_chainId
eth_chainId
eth_call
eth_chainId
eth_chainId
eth_call
eth_chainId
eth_chainId
eth_call
eth_chainId
eth_chainId
eth_call
eth_chainId
eth_chainId
eth_call
eth_chainId
eth_chainId
eth_call
eth_chainId
eth_chainId
eth_call
eth_chainId
eth_chainId
eth_call
eth_chainId
eth_chainId
eth_call
eth_chainId
eth_chainId
eth_call
eth_chainId
eth_accounts
eth_getBlockByNumber
eth_chainId
eth_chainId
eth_estimateGas
eth_chainId
eth_getBlockByNumber
eth_sendTransaction
eth_accounts
eth_chainId

    Transaction: 0x79528b67b43e0f186d9e3c63be91a694117622cd36979aca6521ed2c6621ddf3
    Gas used: 352619

    Block Number: 97
    Block Hash: 0x9ffeeac874039d25b6b337811f53dac1421a235d818f1e4810f0ba4046a474ca
    Block Time: "Wed, 29 Jul 2026 05:59:56 +0000"

eth_getTransactionReceipt
eth_chainId
eth_call
eth_chainId
web3_clientVersion
eth_chainId
eth_call
eth_chainId
eth_chainId
eth_call
eth_chainId
eth_chainId
eth_call
eth_chainId
eth_chainId
eth_call
eth_chainId
eth_chainId
eth_call
eth_chainId
eth_chainId
eth_call
eth_chainId
eth_chainId
eth_call
eth_chainId
eth_chainId
eth_call
eth_chainId
eth_chainId
eth_call
eth_chainId
eth_chainId
eth_call
eth_chainId
eth_chainId
eth_call
eth_chainId
eth_chainId
eth_call
eth_chainId
eth_chainId
eth_call
eth_chainId
eth_chainId
eth_call
eth_chainId
eth_chainId
eth_call
eth_chainId
eth_chainId
eth_call
eth_chainId
eth_chainId
eth_call
eth_chainId
eth_chainId
eth_call
eth_chainId
eth_chainId
eth_call
eth_chainId
eth_chainId
eth_call
eth_chainId
eth_chainId
eth_call
eth_chainId
eth_chainId
eth_call
eth_chainId
eth_chainId
eth_call
eth_chainId
eth_chainId
eth_call
eth_chainId
eth_chainId
eth_call
eth_chainId
eth_chainId
eth_call
eth_chainId
eth_chainId
eth_call
eth_chainId
eth_chainId
eth_call
eth_chainId
eth_chainId
eth_call
eth_chainId
eth_chainId
eth_call
eth_chainId
eth_chainId
eth_call
eth_chainId
eth_chainId
eth_call
eth_chainId
eth_chainId
eth_call
eth_chainId
eth_chainId
eth_call
eth_chainId
eth_chainId
eth_call
eth_chainId
eth_chainId
eth_call
eth_chainId
eth_chainId
eth_call
eth_chainId
eth_chainId
eth_call
eth_chainId
eth_chainId
eth_call
eth_chainId
eth_chainId
eth_call
eth_chainId
eth_chainId
eth_call
eth_chainId
eth_accounts
eth_getBlockByNumber
eth_chainId
eth_chainId
eth_estimateGas
eth_chainId
eth_getBlockByNumber
eth_sendTransaction
eth_accounts
eth_chainId

    Transaction: 0x8f9771c11a1ea9a62347b64edb5b6a6e8b65ac02eb839f0f3f87c0bfa678687e
    Gas used: 352619

    Block Number: 98
    Block Hash: 0x3b81a3148b566bdddd159cb9e1f307872c0d095afa4ad9c5bd75bd97177dd98b
    Block Time: "Wed, 29 Jul 2026 05:59:56 +0000"

eth_getTransactionReceipt
eth_chainId
eth_call
eth_chainId
web3_clientVersion
eth_accounts
eth_chainId
eth_call
eth_chainId
eth_chainId
eth_call
eth_chainId
eth_chainId
eth_call
eth_chainId
eth_chainId
eth_call
eth_chainId
eth_chainId
eth_call
eth_chainId
eth_chainId
eth_call
eth_chainId
eth_chainId
eth_call
eth_chainId
eth_chainId
eth_call
eth_chainId
eth_chainId
eth_call
eth_chainId
eth_chainId
eth_call
eth_chainId
eth_chainId
eth_call
eth_chainId
eth_chainId
eth_call
eth_chainId
eth_chainId
eth_call
eth_chainId
eth_chainId
eth_call
eth_chainId
eth_chainId
eth_call
eth_chainId
eth_chainId
eth_call
eth_chainId
eth_chainId
eth_call
eth_chainId
eth_chainId
eth_call
eth_chainId
eth_chainId
eth_call
eth_chainId
eth_chainId
eth_call
eth_chainId
eth_chainId
eth_call
eth_chainId
eth_chainId
eth_call
eth_chainId
eth_chainId
eth_call
eth_chainId
eth_chainId
eth_call
eth_chainId
eth_chainId
eth_call
eth_chainId
eth_chainId
eth_call
eth_chainId
eth_chainId
eth_call
eth_chainId
eth_chainId
eth_call
eth_chainId
eth_chainId
eth_call
eth_chainId
eth_chainId
eth_call
eth_chainId
eth_chainId
eth_call
eth_chainId
eth_chainId
eth_call
eth_chainId
eth_chainId
eth_call
eth_chainId
eth_chainId
eth_call
eth_chainId
eth_chainId
eth_call
eth_chainId
eth_chainId
eth_call
eth_chainId
eth_chainId
eth_call
eth_chainId
eth_chainId
eth_call
eth_chainId
eth_chainId
eth_call
eth_chainId
eth_chainId
eth_call
eth_chainId
eth_chainId
eth_call
eth_chainId
eth_chainId
eth_call
eth_chainId
eth_chainId
eth_call
eth_chainId
eth_chainId
eth_call
eth_chainId
eth_chainId
eth_call
eth_chainId
eth_chainId
eth_call
eth_chainId
eth_chainId
eth_call
eth_chainId
eth_chainId
eth_call
eth_chainId
eth_chainId
eth_call
eth_chainId
eth_chainId
eth_call
eth_chainId
eth_chainId
eth_call
eth_chainId
eth_chainId
eth_call
eth_chainId
eth_chainId
eth_call
eth_chainId
eth_chainId
eth_call
eth_chainId
eth_chainId
eth_call
eth_chainId
eth_chainId
eth_call
eth_chainId
eth_chainId
eth_call
eth_chainId
eth_chainId
eth_call
eth_chainId
eth_chainId
eth_call
eth_chainId
eth_chainId
eth_call
eth_chainId
eth_chainId
eth_call
eth_chainId
eth_chainId
eth_call
eth_chainId
eth_chainId
eth_call
eth_chainId
eth_chainId
eth_call
eth_chainId
eth_chainId
eth_call
eth_chainId
eth_chainId
eth_call
eth_chainId
eth_chainId
eth_call
eth_chainId
eth_chainId
eth_call
eth_chainId
eth_chainId
eth_call
eth_chainId
eth_chainId
eth_call
eth_chainId
eth_chainId
eth_call
eth_chainId
eth_chainId
eth_call
eth_chainId
eth_chainId
eth_call
eth_chainId
eth_chainId
eth_call
eth_chainId
eth_chainId
eth_call
eth_chainId
eth_chainId
eth_call
eth_chainId
eth_chainId
eth_call
eth_chainId
eth_chainId
eth_call
eth_chainId
eth_chainId
eth_call
eth_chainId
eth_chainId
eth_call
eth_chainId
eth_chainId
eth_call
eth_chainId
eth_getBlockByNumber
eth_chainId
eth_chainId
eth_estimateGas
eth_chainId
eth_getBlockByNumber
eth_sendTransaction
eth_accounts
eth_chainId

    Transaction: 0x37e769260ba20ac1be2026f99e4b23a498640a8c1bd390e7d9de29a84c48a30d
    Gas used: 119044

    Block Number: 99
    Block Hash: 0xfb3f56f3120c1dd256d3f2c4642981127dd6bf1b3880fd57c4bf02cf51df1512
    Block Time: "Wed, 29 Jul 2026 05:59:57 +0000"

eth_getTransactionReceipt
eth_chainId
eth_call
eth_chainId
eth_chainId
eth_call
eth_chainId
eth_getBlockByNumber
eth_chainId
eth_chainId
eth_estimateGas
eth_chainId
eth_getBlockByNumber
eth_sendTransaction
eth_accounts
eth_chainId

    Transaction: 0xc2d84b8b035f046591f7eb194b7f2857004029afd442b02033b76a301fb6ace4
    Gas used: 119044

    Block Number: 100
    Block Hash: 0xeabe4c1a435144bb21d360249996ad83c196067bd22923fa5851b3d31782f291
    Block Time: "Wed, 29 Jul 2026 05:59:57 +0000"

eth_getTransactionReceipt
eth_chainId
eth_call
eth_chainId
eth_getBlockByNumber
eth_chainId
eth_chainId
eth_estimateGas
eth_chainId
eth_getBlockByNumber
eth_sendTransaction
eth_accounts

    Transaction: 0xaf6f426474b879c8bc1f77b953e97be556d0732c63ebba99c0b1f1e1cac3444d
    Gas used: 49900

    Block Number: 101
    Block Hash: 0xa98425b0212768e788aeff0d2243564fd92eea9dd2abbed21b22614c69b70db0
    Block Time: "Wed, 29 Jul 2026 05:59:57 +0000"

eth_chainId
eth_getTransactionReceipt
eth_chainId
eth_call
eth_chainId
web3_clientVersion
eth_chainId
eth_call
eth_chainId
eth_chainId
eth_call
eth_chainId
eth_chainId
eth_call
eth_chainId
eth_chainId
eth_call
eth_chainId
eth_chainId
eth_call
eth_chainId
eth_chainId
eth_call
eth_chainId
eth_chainId
eth_call
eth_chainId
eth_chainId
eth_call
eth_chainId
eth_chainId
eth_call
eth_chainId
eth_chainId
eth_call
eth_chainId
eth_chainId
eth_call
eth_chainId
eth_chainId
eth_call
eth_chainId
eth_chainId
eth_call
eth_chainId
eth_chainId
eth_call
eth_chainId
eth_chainId
eth_call
eth_chainId
eth_chainId
eth_call
eth_chainId
eth_chainId
eth_call
eth_chainId
eth_chainId
eth_call
eth_chainId
eth_chainId
eth_call
eth_chainId
eth_chainId
eth_call
eth_chainId
eth_chainId
eth_call
eth_chainId
eth_chainId
eth_call
eth_chainId
eth_chainId
eth_call
eth_chainId
eth_chainId
eth_call
eth_chainId
eth_chainId
eth_call
eth_chainId
eth_chainId
eth_call
eth_chainId
eth_chainId
eth_call
eth_chainId
eth_chainId
eth_call
eth_chainId
eth_chainId
eth_call
eth_chainId
eth_chainId
eth_call
eth_chainId
eth_chainId
eth_call
eth_chainId
eth_chainId
eth_call
eth_chainId
eth_chainId
eth_call
eth_chainId
eth_chainId
eth_call
eth_chainId
eth_chainId
eth_call
eth_chainId
eth_chainId
eth_call
eth_chainId
eth_chainId
eth_call
eth_chainId
eth_chainId
eth_call
eth_chainId
eth_chainId
eth_call
eth_chainId
eth_chainId
eth_call
eth_chainId
eth_chainId
eth_call
eth_chainId
eth_chainId
eth_call
eth_chainId
eth_chainId
eth_call
eth_chainId
eth_chainId
eth_call
eth_chainId
eth_chainId
eth_call
eth_chainId
eth_chainId
eth_call
eth_chainId
eth_chainId
eth_call
eth_chainId
eth_chainId
eth_call
eth_chainId
eth_chainId
eth_call
eth_chainId
eth_chainId
eth_call
eth_chainId
eth_chainId
eth_call
eth_chainId
eth_chainId
eth_call
eth_chainId
eth_chainId
eth_call
eth_chainId
eth_chainId
eth_call
eth_chainId
eth_chainId
eth_call
eth_chainId
eth_chainId
eth_call
eth_chainId
eth_chainId
eth_call
eth_chainId
eth_chainId
eth_call
eth_chainId
eth_chainId
eth_call
eth_chainId
eth_chainId
eth_call
eth_chainId
eth_chainId
eth_call
eth_chainId
eth_chainId
eth_call
eth_chainId
eth_chainId
eth_call
eth_chainId
eth_chainId
eth_call
eth_chainId
eth_chainId
eth_call
eth_chainId
eth_chainId
eth_call
eth_chainId
eth_chainId
eth_call
eth_chainId
eth_chainId
eth_call
eth_chainId
eth_chainId
eth_call
eth_chainId
eth_chainId
eth_call
eth_chainId
eth_chainId
eth_call
eth_chainId
eth_chainId
eth_call
eth_chainId
eth_chainId
eth_call
eth_chainId
eth_chainId
eth_call
eth_chainId
eth_chainId
eth_call
eth_chainId
eth_chainId
eth_call
eth_chainId
eth_chainId
eth_call
eth_chainId
eth_chainId
eth_call
eth_chainId
eth_chainId
eth_call
eth_chainId
eth_chainId
eth_call
eth_chainId
eth_chainId
eth_call
eth_chainId
eth_chainId
eth_call
eth_chainId
eth_chainId
eth_call
eth_chainId
eth_chainId
eth_call
eth_chainId
web3_clientVersion
eth_chainId
eth_call
eth_chainId
eth_chainId
eth_call
eth_chainId
eth_chainId
eth_call
eth_chainId
eth_chainId
eth_call
eth_chainId
eth_chainId
eth_call
eth_chainId
eth_chainId
eth_call
eth_chainId
eth_chainId
eth_call
eth_chainId
eth_chainId
eth_call
eth_chainId
eth_chainId
eth_call
eth_chainId
eth_chainId
eth_call
eth_chainId
eth_chainId
eth_call
eth_chainId
eth_chainId
eth_call
eth_chainId
eth_chainId
eth_call
eth_chainId
eth_chainId
eth_call
eth_chainId
eth_chainId
eth_call
eth_chainId
eth_chainId
eth_call
eth_chainId
eth_chainId
eth_call
eth_chainId
eth_chainId
eth_call
eth_chainId
eth_chainId
eth_call
eth_chainId
eth_chainId
eth_call
eth_chainId
eth_chainId
eth_call
eth_chainId
eth_chainId
eth_call
eth_chainId
eth_chainId
eth_call
eth_chainId
eth_chainId
eth_call
eth_chainId
eth_chainId
eth_call
eth_chainId
eth_chainId
eth_call
eth_chainId
eth_chainId
eth_call
eth_chainId
eth_chainId
eth_call
eth_chainId
eth_chainId
eth_call
eth_chainId
eth_chainId
eth_call
eth_chainId
eth_chainId
eth_call
eth_chainId
eth_chainId
eth_call
eth_chainId
eth_chainId
eth_call
eth_chainId
eth_chainId
eth_call
eth_chainId
eth_chainId
eth_call
eth_chainId
eth_chainId
eth_call
eth_chainId
eth_chainId
eth_call
eth_chainId
eth_chainId
eth_call
eth_chainId
eth_chainId
eth_call
eth_chainId
eth_chainId
eth_call
eth_chainId
eth_chainId
eth_call
eth_chainId
eth_chainId
eth_call
eth_chainId
eth_accounts
eth_getBlockByNumber
eth_chainId
eth_chainId
eth_estimateGas
eth_chainId
eth_getBlockByNumber
eth_sendTransaction
eth_accounts
eth_chainId

    Transaction: 0xc0823df9c137534ef73035e5310a845e7c296091daa5cc80556cbd212f925a5d
    Gas used: 352619

    Block Number: 102
    Block Hash: 0x8452f902d7df6d48e0831d223fa7763f689ab803874a19030b7fd2be210c00bc
    Block Time: "Wed, 29 Jul 2026 06:00:03 +0000"

eth_getTransactionReceipt
eth_chainId
eth_call
eth_chainId
web3_clientVersion
eth_accounts
eth_chainId
eth_call
eth_chainId
eth_chainId
eth_call
eth_chainId
eth_chainId
eth_call
eth_chainId
eth_chainId
eth_call
eth_chainId
eth_chainId
eth_call
eth_chainId
eth_chainId
eth_call
eth_chainId
eth_chainId
eth_call
eth_chainId
eth_chainId
eth_call
eth_chainId
eth_chainId
eth_call
eth_chainId
eth_chainId
eth_call
eth_chainId
eth_chainId
eth_call
eth_chainId
eth_chainId
eth_call
eth_chainId
eth_chainId
eth_call
eth_chainId
eth_chainId
eth_call
eth_chainId
eth_chainId
eth_call
eth_chainId
eth_chainId
eth_call
eth_chainId
eth_chainId
eth_call
eth_chainId
eth_chainId
eth_call
eth_chainId
eth_chainId
eth_call
eth_chainId
eth_chainId
eth_call
eth_chainId
eth_chainId
eth_call
eth_chainId
eth_chainId
eth_call
eth_chainId
eth_chainId
eth_call
eth_chainId
eth_chainId
eth_call
eth_chainId
eth_chainId
eth_call
eth_chainId
eth_chainId
eth_call
eth_chainId
eth_chainId
eth_call
eth_chainId
eth_chainId
eth_call
eth_chainId
eth_chainId
eth_call
eth_chainId
eth_chainId
eth_call
eth_chainId
eth_chainId
eth_call
eth_chainId
eth_chainId
eth_call
eth_chainId
eth_chainId
eth_call
eth_chainId
eth_chainId
eth_call
eth_chainId
eth_chainId
eth_call
eth_chainId
eth_chainId
eth_call
eth_chainId
eth_chainId
eth_call
eth_chainId
eth_chainId
eth_call
eth_chainId
eth_chainId
eth_call
eth_chainId
eth_chainId
eth_call
eth_chainId
eth_chainId
eth_call
eth_chainId
eth_chainId
eth_call
eth_chainId
eth_chainId
eth_call
eth_chainId
eth_chainId
eth_call
eth_chainId
eth_chainId
eth_call
eth_chainId
eth_chainId
eth_call
eth_chainId
eth_chainId
eth_call
eth_chainId
eth_chainId
eth_call
eth_chainId
eth_chainId
eth_call
eth_chainId
eth_chainId
eth_call
eth_chainId
eth_chainId
eth_call
eth_chainId
eth_chainId
eth_call
eth_chainId
eth_chainId
eth_call
eth_chainId
eth_chainId
eth_call
eth_chainId
eth_chainId
eth_call
eth_chainId
eth_chainId
eth_call
eth_chainId
eth_chainId
eth_call
eth_chainId
eth_chainId
eth_call
eth_chainId
eth_chainId
eth_call
eth_chainId
eth_chainId
eth_call
eth_chainId
eth_chainId
eth_call
eth_chainId
eth_chainId
eth_call
eth_chainId
eth_chainId
eth_call
eth_chainId
eth_chainId
eth_call
eth_chainId
eth_chainId
eth_call
eth_chainId
eth_chainId
eth_call
eth_chainId
eth_chainId
eth_call
eth_chainId
eth_chainId
eth_call
eth_chainId
eth_chainId
eth_call
eth_chainId
eth_chainId
eth_call
eth_chainId
eth_chainId
eth_call
eth_chainId
eth_chainId
eth_call
eth_chainId
eth_chainId
eth_call
eth_chainId
eth_chainId
eth_call
eth_chainId
eth_chainId
eth_call
eth_chainId
eth_chainId
eth_call
eth_chainId
eth_chainId
eth_call
eth_chainId
eth_chainId
eth_call
eth_chainId
eth_chainId
eth_call
eth_chainId
eth_chainId
eth_call
eth_chainId
eth_chainId
eth_call
eth_chainId
eth_chainId
eth_call
eth_chainId
eth_chainId
eth_call
eth_chainId
eth_chainId
eth_call
eth_chainId
eth_chainId
eth_call
eth_chainId
eth_getBlockByNumber
eth_chainId
eth_chainId
eth_estimateGas
eth_chainId
eth_getBlockByNumber
eth_sendTransaction
eth_accounts
eth_chainId

    Transaction: 0x0d347c253edbf2ca945019c4ac6aafc222b415d12efa5b9a04112ae7be9721b6
    Gas used: 119044

    Block Number: 103
    Block Hash: 0xc6b5801e10e1e48dac658905940cfab93d625dc7c506283788a73b5c3689d2b6
    Block Time: "Wed, 29 Jul 2026 06:00:04 +0000"

eth_getTransactionReceipt
eth_chainId
eth_call

RPC request failed:
    Request: EthCall(WithOtherFields { inner: TransactionRequest { from: None, to: Some(Call(0x5fbdb2315678afecb367f032d93f642f64180aa3)), gas_price: None, max_fee_per_gas: None, max_priority_fee_per_gas: None, max_fee_per_blob_gas: None, gas: None, value: None, input: TransactionInput { input: None, data: Some(0x0f7bd1ef000000000000000000000000000000000000000000000000000000006a6996e0) }, nonce: None, chain_id: None, access_list: None, transaction_type: None, blob_versioned_hashes: None, sidecar: None, authorization_list: None }, other: OtherFields {} }, Some(latest), None, None)
    Error: Execution error: execution reverted: No eligible backup exists before compromise time

eth_chainId
eth_accounts
eth_getBlockByNumber
eth_chainId
eth_chainId
eth_estimateGas
eth_chainId
eth_getBlockByNumber
eth_sendTransaction
eth_accounts
eth_chainId

    Transaction: 0xa5622b414caa9d653ffdea816efe858775b22860a1253097492dc5175345c59d
    Gas used: 32715

    Block Number: 104
    Block Hash: 0x0f9db30d8e13e5a0584ef5f00eaf58fe5386ae060b58915b5b2b906fdb4c55ba
    Block Time: "Wed, 29 Jul 2026 06:00:05 +0000"

eth_getTransactionReceipt
web3_clientVersion
eth_accounts
eth_chainId
eth_call
eth_chainId
eth_chainId
eth_call
eth_chainId
eth_chainId
eth_call
eth_chainId
eth_chainId
eth_call
eth_chainId
eth_chainId
eth_call
eth_chainId
eth_chainId
eth_call
eth_chainId
eth_chainId
eth_call
eth_chainId
eth_chainId
eth_call
eth_chainId
eth_chainId
eth_call
eth_chainId
eth_chainId
eth_call
eth_chainId
eth_chainId
eth_call
eth_chainId
eth_chainId
eth_call
eth_chainId
eth_chainId
eth_call
eth_chainId
eth_chainId
eth_call
eth_chainId
eth_chainId
eth_call
eth_chainId
eth_chainId
eth_call
eth_chainId
eth_chainId
eth_call
eth_chainId
eth_chainId
eth_call
eth_chainId
eth_chainId
eth_call
eth_chainId
eth_chainId
eth_call
eth_chainId
eth_chainId
eth_call
eth_chainId
eth_chainId
eth_call
eth_chainId
eth_chainId
eth_call
eth_chainId
eth_chainId
eth_call
eth_chainId
eth_chainId
eth_call
eth_chainId
eth_chainId
eth_call
eth_chainId
eth_chainId
eth_call
eth_chainId
eth_chainId
eth_call
eth_chainId
eth_chainId
eth_call
eth_chainId
eth_chainId
eth_call
eth_chainId
eth_chainId
eth_call
eth_chainId
eth_chainId
eth_call
eth_chainId
eth_chainId
eth_call
eth_chainId
eth_chainId
eth_call
eth_chainId
eth_chainId
eth_call
eth_chainId
eth_chainId
eth_call
eth_chainId
eth_chainId
eth_call
eth_chainId
eth_chainId
eth_call
eth_chainId
eth_chainId
eth_call
eth_chainId
eth_chainId
eth_call
eth_chainId
eth_chainId
eth_call
eth_chainId
eth_chainId
eth_call
eth_chainId
eth_chainId
eth_call
eth_chainId
eth_chainId
eth_call
eth_chainId
eth_chainId
eth_call
eth_chainId
eth_chainId
eth_call
eth_chainId
eth_chainId
eth_call
eth_chainId
eth_chainId
eth_call
eth_chainId
eth_chainId
eth_call
eth_chainId
eth_chainId
eth_call
eth_chainId
eth_chainId
eth_call
eth_chainId
eth_chainId
eth_call
eth_chainId
eth_chainId
eth_call
eth_chainId
eth_chainId
eth_call
eth_chainId
eth_chainId
eth_call
eth_chainId
eth_chainId
eth_call
eth_chainId
eth_chainId
eth_call
eth_chainId
eth_chainId
eth_call
eth_chainId
eth_chainId
eth_call
eth_chainId
eth_chainId
eth_call
eth_chainId
eth_chainId
eth_call
eth_chainId
eth_chainId
eth_call
eth_chainId
eth_chainId
eth_call
eth_chainId
eth_chainId
eth_call
eth_chainId
eth_chainId
eth_call
eth_chainId
eth_chainId
eth_call
eth_chainId
eth_chainId
eth_call
eth_chainId
eth_chainId
eth_call
eth_chainId
eth_chainId
eth_call
eth_chainId
eth_chainId
eth_call
eth_chainId
eth_chainId
eth_call
eth_chainId
eth_chainId
eth_call
eth_chainId
eth_chainId
eth_call
eth_chainId
eth_chainId
eth_call
eth_chainId
eth_chainId
eth_call
eth_chainId
eth_chainId
eth_call
eth_chainId
eth_chainId
eth_call
eth_chainId
eth_chainId
eth_call
eth_chainId
eth_chainId
eth_call
eth_chainId
eth_chainId
eth_call
eth_chainId
eth_chainId
eth_call
eth_chainId
eth_chainId
eth_call
eth_chainId
eth_chainId
eth_call
eth_chainId
eth_chainId
eth_call
eth_chainId
eth_chainId
eth_call
eth_chainId
eth_chainId
eth_call

RPC request failed:
    Request: EthCall(WithOtherFields { inner: TransactionRequest { from: None, to: Some(Call(0x5fbdb2315678afecb367f032d93f642f64180aa3)), gas_price: None, max_fee_per_gas: None, max_priority_fee_per_gas: None, max_fee_per_blob_gas: None, gas: None, value: None, input: TransactionInput { input: None, data: Some(0x0f7bd1ef000000000000000000000000000000000000000000000000000000006a6996e0) }, nonce: None, chain_id: None, access_list: None, transaction_type: None, blob_versioned_hashes: None, sidecar: None, authorization_list: None }, other: OtherFields {} }, Some(latest), None, None)
    Error: Execution error: execution reverted: No eligible backup exists before compromise time

eth_chainId
web3_clientVersion
eth_accounts
eth_getBlockByNumber
eth_chainId
eth_chainId
eth_estimateGas
eth_chainId
eth_getBlockByNumber
eth_sendTransaction
eth_accounts
eth_chainId
eth_getTransactionReceipt

    Transaction: 0xde6d2e899713df9885dc06e19748411c2afa758405728d7ed87b414551cb7b9a
    Contract created: 0xCace1b78160AE76398F486c8a18044da0d66d86D
    Gas used: 2312958

    Block Number: 105
    Block Hash: 0xe49cc27dba500429e8a2d36a636bf79bb69f5f0521173956655d2a9980bba085
    Block Time: "Wed, 29 Jul 2026 06:04:28 +0000"

eth_getTransactionReceipt
eth_getBlockByNumber
eth_chainId
eth_chainId
eth_estimateGas
eth_chainId
eth_getBlockByNumber
eth_sendTransaction
eth_accounts
eth_chainId
eth_getTransactionReceipt

    Transaction: 0x37bb227417e6d1fb615557d4426ab6ce8d71b6e6364509f0687fc2eaa09f65b5
    Gas used: 371657

    Block Number: 106
    Block Hash: 0xad640d6c1298f3272d1d9abd7d39d44730ad1a0c6b9850748598f3afd5b9acbc
    Block Time: "Wed, 29 Jul 2026 06:04:28 +0000"

eth_getTransactionReceipt
eth_getBlockByNumber
eth_chainId
eth_chainId
eth_estimateGas
eth_chainId
eth_getBlockByNumber
eth_sendTransaction
eth_accounts
eth_chainId
eth_getTransactionReceipt

    Transaction: 0xd58195eca86a62bd5d3fc1b97b83589254417ac11043f9d1be83e590d3ba13d4
    Gas used: 50285

    Block Number: 107
    Block Hash: 0x21d1285cc723250131a06e481af0a6b148c9ee2c78af5b6d252a8e3ad3fe8cec
    Block Time: "Wed, 29 Jul 2026 06:04:29 +0000"

eth_getTransactionReceipt
eth_getBlockByNumber
eth_chainId
eth_chainId
eth_estimateGas
eth_chainId
eth_getBlockByNumber
eth_sendTransaction
eth_accounts
eth_chainId
eth_getTransactionReceipt

    Transaction: 0x26feb53c063d1bf37712013f19e1b5d6a9cdfb48472bd6a0935b5b183196d9f7
    Gas used: 33081

    Block Number: 108
    Block Hash: 0x26927eb60ed33c5ecdde2609214d3b7ab7db679a0e9201d6a2a734a7f9e08511
    Block Time: "Wed, 29 Jul 2026 06:04:29 +0000"

eth_getTransactionReceipt
eth_getBlockByNumber
eth_chainId
eth_chainId
eth_estimateGas
eth_chainId
eth_getBlockByNumber
eth_sendTransaction
eth_accounts
eth_chainId

    Transaction: 0x4602523c823fd65f372fa2802a9feac68848f6cff85ea79a712770335ad48a12
    Gas used: 354557

    Block Number: 109
    Block Hash: 0xe856d97b0257f4b9c84b212f84b53d194cce0e1bf7eb8daf9e56ca83c340bebb
    Block Time: "Wed, 29 Jul 2026 06:04:29 +0000"

eth_getTransactionReceipt
eth_getBlockByNumber
eth_chainId
eth_chainId
eth_estimateGas
eth_chainId
eth_getBlockByNumber
eth_sendTransaction
eth_accounts
eth_chainId

    Transaction: 0xff2d16c08da294d7457f505bcdfac17758fc41101067a9cf17842503604eed28
    Gas used: 119801

    Block Number: 110
    Block Hash: 0xfefc19976a4837b076feaa0590529f2ee11eab2581d48f38fe2e3cee96cc8312
    Block Time: "Wed, 29 Jul 2026 06:04:29 +0000"

eth_getTransactionReceipt
eth_getBlockByNumber
eth_chainId
eth_chainId
eth_estimateGas
eth_chainId
eth_getBlockByNumber
eth_sendTransaction
eth_accounts
eth_chainId

    Transaction: 0x3a7c642a9d99714336a67e5e5c8a7165d89687f8f586769b94afe5342919a58d
    Gas used: 354557

    Block Number: 111
    Block Hash: 0x43eae3c1d74d6bf3d5816bb2434010484446594b7fe24a983509f4e5c4ef94f8
    Block Time: "Wed, 29 Jul 2026 06:04:29 +0000"

eth_getTransactionReceipt
eth_getBlockByNumber
eth_chainId
eth_chainId
eth_estimateGas
eth_chainId
eth_getBlockByNumber
eth_sendTransaction
eth_accounts
eth_chainId
eth_getTransactionReceipt

    Transaction: 0x05e8360bf56f2e55dae4b99cf82d594a80298da30f0fb8a554e6d887667a94f2
    Gas used: 50285

    Block Number: 112
    Block Hash: 0x685a8fb9ae114cf2e293b1965b80b81e31fde4579d72d09ff4f88f0f1baf2a67
    Block Time: "Wed, 29 Jul 2026 06:04:29 +0000"

eth_getTransactionReceipt
eth_getBlockByNumber
eth_chainId
eth_chainId
eth_estimateGas
eth_chainId
eth_getBlockByNumber
eth_sendTransaction
eth_accounts
eth_chainId

    Transaction: 0x19f35779fe4da2d1a3f3decb9e47e3c13bbf7cb829e281fba3918f6c7528b207
    Gas used: 33081

    Block Number: 113
    Block Hash: 0x420ab0bdfc3b7357fa88679ec104ef3476dc0e87e5ca3707989e1d61a2a681fb
    Block Time: "Wed, 29 Jul 2026 06:04:29 +0000"

eth_getTransactionReceipt
eth_getBlockByNumber
eth_chainId
eth_chainId
eth_estimateGas
eth_chainId
eth_getBlockByNumber
eth_sendTransaction
eth_accounts
eth_chainId

    Transaction: 0x0b494f38a4bafb186ec9d26e8f6cf1b6eaf92ce64a351247dab1cc05bd026d04
    Gas used: 354557

    Block Number: 114
    Block Hash: 0x45148c064173b146b7d466fafa4880c165e40ea16eecc2637540fceb47cb6578
    Block Time: "Wed, 29 Jul 2026 06:04:29 +0000"

eth_getTransactionReceipt
eth_getBlockByNumber
eth_chainId
eth_chainId
eth_estimateGas
eth_chainId
eth_getBlockByNumber
eth_sendTransaction
eth_accounts
eth_chainId
eth_getTransactionReceipt

    Transaction: 0xdf71a4e2ae789a518b2388db4dd263039b04a5999816433c203056749ed3aa1e
    Gas used: 119801

    Block Number: 115
    Block Hash: 0x2430f67719c9d04e9387329146cf862766bf797f9ab68e6686ef807aa78f92bb
    Block Time: "Wed, 29 Jul 2026 06:04:29 +0000"

eth_getTransactionReceipt
eth_getBlockByNumber
eth_chainId
eth_chainId
eth_estimateGas
eth_chainId
eth_getBlockByNumber
eth_sendTransaction
eth_accounts
eth_chainId

    Transaction: 0xfaceaaac93203d55274129170ec7cbdc4fb1a533a9cf0d3095b650df62116199
    Gas used: 354557

    Block Number: 116
    Block Hash: 0x219446415babf678c561c6c81221a7034f43b862296f0202bd1f79ed9ffa7c90
    Block Time: "Wed, 29 Jul 2026 06:04:29 +0000"

eth_getTransactionReceipt
eth_getBlockByNumber
eth_chainId
eth_chainId
eth_estimateGas
eth_chainId
eth_getBlockByNumber
eth_sendTransaction
eth_accounts
eth_chainId

    Transaction: 0x4f139e30ac5d5ed931dd0b38b984c61f1173899eedf42780c48b194013267a6c
    Gas used: 50285

    Block Number: 117
    Block Hash: 0x57905dfed152b8c7098dc862db49271dce5a8bdeb066eacb4916b10a871a2a57
    Block Time: "Wed, 29 Jul 2026 06:04:29 +0000"

eth_getTransactionReceipt
eth_getBlockByNumber
eth_chainId
eth_chainId
eth_estimateGas
eth_chainId
eth_getBlockByNumber
eth_sendTransaction
eth_accounts
eth_chainId
eth_getTransactionReceipt

    Transaction: 0xda8535f22110a873119eb463a30cbef550f2c19cae39a6b3d8f4cc43d3f81af3
    Gas used: 33081

    Block Number: 118
    Block Hash: 0x5ac1f93dc99fd9a6dfefbd9d5262afffdbf0fcc23035c4770d9c8a4d5cd535f7
    Block Time: "Wed, 29 Jul 2026 06:04:29 +0000"

eth_getTransactionReceipt
eth_getBlockByNumber
eth_chainId
eth_chainId
eth_estimateGas
eth_chainId
eth_getBlockByNumber
eth_sendTransaction
eth_accounts
eth_chainId

    Transaction: 0x5ab91a86af7c9c02b8e5242ca9244f31b62d6453c93e40e07d22e00b99b5d1f2
    Gas used: 354557

    Block Number: 119
    Block Hash: 0x539f6b707bdabdfc7a6ef8236799bbe4caad56b8d6c5c4300918bbafde8bf1c5
    Block Time: "Wed, 29 Jul 2026 06:04:29 +0000"

eth_getTransactionReceipt
eth_getBlockByNumber
eth_chainId
eth_chainId
eth_estimateGas
eth_chainId
eth_getBlockByNumber
eth_sendTransaction
eth_accounts
eth_chainId

    Transaction: 0xeb37b4ad54cb4acf65a98399a0b492ca865a1f14557e76d24f38719b054db3f7
    Gas used: 119801

    Block Number: 120
    Block Hash: 0x3e70fe25aa93f7c0d4edeadc520c670d11822732fa1a1f5f2ba0b9b778da2fd5
    Block Time: "Wed, 29 Jul 2026 06:04:29 +0000"

eth_getTransactionReceipt
eth_getBlockByNumber
eth_chainId
eth_chainId
eth_estimateGas
eth_chainId
eth_getBlockByNumber
eth_sendTransaction
eth_accounts
eth_chainId
eth_getTransactionReceipt

    Transaction: 0x7af6ccca8d95cfc16d8dbc7a9cbe5312fb883c724a149ce0ef9ca10a9598c54f
    Gas used: 354557

    Block Number: 121
    Block Hash: 0x95b5f514883e427ba68d206124126958898d8d40f8a7449ebd511f60b22c1c53
    Block Time: "Wed, 29 Jul 2026 06:04:29 +0000"

eth_getTransactionReceipt
eth_getBlockByNumber
eth_chainId
eth_chainId
eth_estimateGas
eth_chainId
eth_getBlockByNumber
eth_sendTransaction
eth_accounts
eth_chainId

    Transaction: 0xeb443e4d33f9ac6fe5aa54c925b356211d29ff162f8b9a625c034e927eb2d881
    Gas used: 50285

    Block Number: 122
    Block Hash: 0xc3cfac3fbf7e99de45d82a87b4641232728b6335794b272a5ae7024a73baad14
    Block Time: "Wed, 29 Jul 2026 06:04:29 +0000"

eth_getTransactionReceipt
eth_getBlockByNumber
eth_chainId
eth_chainId
eth_estimateGas
eth_chainId
eth_getBlockByNumber
eth_sendTransaction
eth_accounts
eth_chainId

    Transaction: 0xb67ab02658f3e401a0ac19ef7c7e11591a828aacd4bff0eef3c93261368f4908
    Gas used: 33081

    Block Number: 123
    Block Hash: 0xaa77041fb21c1dcdcf324be30b83d71a090b997e053c3ac75f5e35fce1c8e187
    Block Time: "Wed, 29 Jul 2026 06:04:29 +0000"

eth_getTransactionReceipt
eth_getBlockByNumber
eth_chainId
eth_chainId
eth_estimateGas
eth_chainId
eth_getBlockByNumber
eth_sendTransaction
eth_accounts
eth_chainId

    Transaction: 0x41e2ef6fc35e0a9f2118f6a284776c68f6bfecb6e16a4c95eb274146826af3a3
    Gas used: 354557

    Block Number: 124
    Block Hash: 0x0dcdf922e3d1419c645d3a5ef80f3b702c533c47d9fd96e0a9098dc5d6175ab1
    Block Time: "Wed, 29 Jul 2026 06:04:29 +0000"

eth_getTransactionReceipt
eth_getBlockByNumber
eth_chainId
eth_chainId
eth_estimateGas
eth_chainId
eth_getBlockByNumber
eth_sendTransaction
eth_accounts
eth_chainId
eth_getTransactionReceipt

    Transaction: 0x6e7e8dffc185bd0c949a28d36863e1501304e7aa09cfb43dd6690a0b377d1dc8
    Gas used: 119801

    Block Number: 125
    Block Hash: 0xfe79fb7c669ad6558f8a0dece5cda7a5c6934f79f018970ba72623b24eae1dea
    Block Time: "Wed, 29 Jul 2026 06:04:29 +0000"

eth_getTransactionReceipt
eth_getBlockByNumber
eth_chainId
eth_chainId
eth_estimateGas
eth_chainId
eth_getBlockByNumber
eth_sendTransaction
eth_accounts
eth_chainId

    Transaction: 0x514ad8ab08b9863cdc20167094367bde054b4a2c8cad6b9e8214148f3b3cd0b6
    Gas used: 354557

    Block Number: 126
    Block Hash: 0x17d973c998df7849d3f923a36b4424e4d4ff8eb58dba1397a4a1ccdd3b336a6c
    Block Time: "Wed, 29 Jul 2026 06:04:30 +0000"

eth_getTransactionReceipt
eth_getBlockByNumber
eth_chainId
eth_chainId
eth_estimateGas
eth_chainId
eth_getBlockByNumber
eth_sendTransaction
eth_accounts
eth_chainId

    Transaction: 0xb72e327847f5e958274251ca804bbf16ae5b0cb00d3ecbbef9069bbc87a194ba
    Gas used: 50285

    Block Number: 127
    Block Hash: 0x3dd5f210c380e631fb99b74d0be9a12653ec86b220e05d78bb6945a6b9107b77
    Block Time: "Wed, 29 Jul 2026 06:04:30 +0000"

eth_getTransactionReceipt
eth_getBlockByNumber
eth_chainId
eth_chainId
eth_estimateGas
eth_chainId
eth_getBlockByNumber
eth_sendTransaction
eth_accounts
eth_chainId
eth_getTransactionReceipt

    Transaction: 0x9330d07c79945a85fb89558c6850ba8388dfa1ff6f0c955fcc839050c51a0d3e
    Gas used: 33081

    Block Number: 128
    Block Hash: 0x2d0422a13538036df43d52ef0b582e2033d2e150d96194ab4f5b069541f634a3
    Block Time: "Wed, 29 Jul 2026 06:04:30 +0000"

eth_getTransactionReceipt
eth_getBlockByNumber
eth_chainId
eth_chainId
eth_estimateGas
eth_chainId
eth_getBlockByNumber
eth_sendTransaction
eth_accounts
eth_chainId

    Transaction: 0xefc804bef3c99143ea7853b74406590b2ef2558dbea765a924fe0dea2751692f
    Gas used: 354557

    Block Number: 129
    Block Hash: 0x37705b73106402aac00c40c1893a47557703fc387303bdad611f370a6d5e80e8
    Block Time: "Wed, 29 Jul 2026 06:04:30 +0000"

eth_getTransactionReceipt
eth_getBlockByNumber
eth_chainId
eth_chainId
eth_estimateGas
eth_chainId
eth_getBlockByNumber
eth_sendTransaction
eth_accounts
eth_chainId

    Transaction: 0xd141feb27ae93cdb934d7870ff68bc155a7140b5d89a4443180091343a6fb61d
    Gas used: 119801

    Block Number: 130
    Block Hash: 0x11248aa0a40911604b3d985611ea4a47d353c3b217667fdf4c5427c6eaf69e5b
    Block Time: "Wed, 29 Jul 2026 06:04:30 +0000"

eth_getTransactionReceipt
eth_getBlockByNumber
eth_chainId
eth_chainId
eth_estimateGas
eth_chainId
eth_getBlockByNumber
eth_sendTransaction
eth_accounts
eth_chainId
eth_getTransactionReceipt

    Transaction: 0x8fa9253795904214c2200ce9abaf0a67fbe0e452ddcc90181ea9f5955aa0f150
    Gas used: 354557

    Block Number: 131
    Block Hash: 0xe41bc65725954b2623029f53f1480a668476bdb8ef4307c45dc243362e72cf9b
    Block Time: "Wed, 29 Jul 2026 06:04:30 +0000"

eth_getTransactionReceipt
eth_getBlockByNumber
eth_chainId
eth_chainId
eth_estimateGas
eth_chainId
eth_getBlockByNumber
eth_sendTransaction
eth_accounts
eth_chainId

    Transaction: 0xb9fa06f404169c9d9c86a200b36e1b44ce144d189bf0d31a14f8f4435918f5f4
    Gas used: 50285

    Block Number: 132
    Block Hash: 0xd19e42f4d4787de2fcca2ddafb1407824547a4dc5d4fc89cea4dbf07c031a2dc
    Block Time: "Wed, 29 Jul 2026 06:04:30 +0000"

eth_getTransactionReceipt
eth_getBlockByNumber
eth_chainId
eth_chainId
eth_estimateGas
eth_chainId
eth_getBlockByNumber
eth_sendTransaction
eth_accounts
eth_chainId

    Transaction: 0xff8c579d8c3bb221485daadf91dcf16219ac5dda45084005567c178cb1ffc2a2
    Gas used: 33081

    Block Number: 133
    Block Hash: 0x9e94a47f27e57ce8861d01cc9eb01f79774d7629cbf9e958b0f00740404449af
    Block Time: "Wed, 29 Jul 2026 06:04:30 +0000"

eth_getTransactionReceipt
eth_getBlockByNumber
eth_chainId
eth_chainId
eth_estimateGas
eth_chainId
eth_getBlockByNumber
eth_sendTransaction
eth_accounts
eth_chainId
eth_getTransactionReceipt

    Transaction: 0x669072680a17498b170e03429306caa0f84e1d2baa585aba702f61ef51d0f45c
    Gas used: 354557

    Block Number: 134
    Block Hash: 0xa5683dd76624c53f2608100fddcc28ecba22e933624a93c30270ee6adde169bc
    Block Time: "Wed, 29 Jul 2026 06:04:30 +0000"

eth_getTransactionReceipt
eth_getBlockByNumber
eth_chainId
eth_chainId
eth_estimateGas
eth_chainId
eth_getBlockByNumber
eth_sendTransaction
eth_accounts
eth_chainId

    Transaction: 0x1dfbbe70a57ecf34224f1c169105d7c7c6c70220121da4e02d7b60b74dfa4931
    Gas used: 119801

    Block Number: 135
    Block Hash: 0x1d0e10e62e6606902ef809773d0f07cb323abfb9bc0292a028983bc6e1b00b82
    Block Time: "Wed, 29 Jul 2026 06:04:30 +0000"

eth_getTransactionReceipt
eth_getBlockByNumber
eth_chainId
eth_chainId
eth_estimateGas
eth_chainId
eth_getBlockByNumber
eth_sendTransaction
eth_accounts
eth_chainId

    Transaction: 0x1694c8d411d1f729f50ebd80c1aa1e171cc5868f78c712bf8e631ae409547c8a
    Gas used: 354557

    Block Number: 136
    Block Hash: 0x8e65982eae2492c2424a521b5f1f75f03dfcfe1cb1546b11c4e66c472ec5a48a
    Block Time: "Wed, 29 Jul 2026 06:04:30 +0000"

eth_getTransactionReceipt
eth_getBlockByNumber
eth_chainId
eth_chainId
eth_estimateGas
eth_chainId
eth_getBlockByNumber
eth_sendTransaction
eth_accounts
eth_chainId

    Transaction: 0x9a9a35cda8e5bdc50af5dfee1426814ec1cb1c7d6ad2d6c3e9ec379087bd4274
    Gas used: 50285

    Block Number: 137
    Block Hash: 0x33f9ff8453c9333a40c4155819df7126990e6cb113c22339e559e67fcf162dae
    Block Time: "Wed, 29 Jul 2026 06:04:30 +0000"

eth_getTransactionReceipt
eth_getBlockByNumber
eth_chainId
eth_chainId
eth_estimateGas
eth_chainId
eth_getBlockByNumber
eth_sendTransaction
eth_accounts
eth_chainId
eth_getTransactionReceipt

    Transaction: 0x6e5d18015318447b4cc0d5f6049ddacc21b51a96ffd99bc954eff6b130a8e456
    Gas used: 33081

    Block Number: 138
    Block Hash: 0x4d153f26c798827de1d81be476dfefd42b90aab08361cc6303ce12e8ab447319
    Block Time: "Wed, 29 Jul 2026 06:04:30 +0000"

eth_getTransactionReceipt
eth_getBlockByNumber
eth_chainId
eth_chainId
eth_estimateGas
eth_chainId
eth_getBlockByNumber
eth_sendTransaction
eth_accounts
eth_chainId
eth_getTransactionReceipt

    Transaction: 0x53dc1532b3aea6c76c9ce5e7c3ac5486ffd91e4afbc09b6115c73ba8b343ebf5
    Gas used: 354557

    Block Number: 139
    Block Hash: 0xeb96b4f39611451a801efd00a03840eb8308c231c4a6dcf70b89c208fb7f3349
    Block Time: "Wed, 29 Jul 2026 06:04:30 +0000"

eth_getTransactionReceipt
eth_getBlockByNumber
eth_chainId
eth_chainId
eth_estimateGas
eth_chainId
eth_getBlockByNumber
eth_sendTransaction
eth_accounts
eth_chainId

    Transaction: 0xc008df2929a0b63d9e42639a70405e43a0e770c850c051a98ab083fd88dcfeb3
    Gas used: 119801

    Block Number: 140
    Block Hash: 0x3c6a97c5a093c2b62114a103393129565588b67b512e7f08d5e1fc62ec993f5e
    Block Time: "Wed, 29 Jul 2026 06:04:30 +0000"

eth_getTransactionReceipt
eth_getBlockByNumber
eth_chainId
eth_chainId
eth_estimateGas
eth_chainId
eth_getBlockByNumber
eth_sendTransaction
eth_accounts
eth_chainId

    Transaction: 0x064a7787251b6805cd6c17637c20749106eec6a72adcde85da2ae6afc3a4f0ac
    Gas used: 354557

    Block Number: 141
    Block Hash: 0xf5fb3bc35cf6e2559abd71802dee1bf080e14c34448d805563e22e76b75504f7
    Block Time: "Wed, 29 Jul 2026 06:04:30 +0000"

eth_getTransactionReceipt
eth_getBlockByNumber
eth_chainId
eth_chainId
eth_estimateGas
eth_chainId
eth_getBlockByNumber
eth_sendTransaction
eth_accounts
eth_chainId

    Transaction: 0x7d4b7df8c93563bc724e39f9604120debd83cccc5629c63fa0340f5abf30d576
    Gas used: 50285

    Block Number: 142
    Block Hash: 0x61824f47cddb9caa04abed492f08986096b387c81d3400b4f1e5439aa418f946
    Block Time: "Wed, 29 Jul 2026 06:04:30 +0000"

eth_getTransactionReceipt
eth_getBlockByNumber
eth_chainId
eth_chainId
eth_estimateGas
eth_chainId
eth_getBlockByNumber
eth_sendTransaction
eth_accounts
eth_chainId
eth_getTransactionReceipt

    Transaction: 0xdd4a8e15877e1f2d9bde64eca97bceca026ea9d00bc23dfc08f240e4362864bc
    Gas used: 33081

    Block Number: 143
    Block Hash: 0x17cbedc2e4f53d0d6ddc7e19ad4571e686c384891451c482e1b831c1591c3cb4
    Block Time: "Wed, 29 Jul 2026 06:04:30 +0000"

eth_getTransactionReceipt
eth_getBlockByNumber
eth_chainId
eth_chainId
eth_estimateGas
eth_chainId
eth_getBlockByNumber
eth_sendTransaction
eth_accounts
eth_chainId

    Transaction: 0xf457a242fb7770e7dc28a0531c3cbe5c1a3456877bf97db8796d1f27b8e4e000
    Gas used: 354557

    Block Number: 144
    Block Hash: 0xe292df4f656f5814a8659b7697a82ccd3507cf35cab09e71ae692318116e2e16
    Block Time: "Wed, 29 Jul 2026 06:04:30 +0000"

eth_getTransactionReceipt
eth_getBlockByNumber
eth_chainId
eth_chainId
eth_estimateGas
eth_chainId
eth_getBlockByNumber
eth_sendTransaction
eth_accounts
eth_chainId

    Transaction: 0x4001feee4b64de8ee1a66bb9bb805ed124ea805ea25af06313f1cfc0ab93ae87
    Gas used: 119801

    Block Number: 145
    Block Hash: 0x6bfddfd0a060ac834905dec5620b55c444d0911159880fbf849fc8a271b50ebc
    Block Time: "Wed, 29 Jul 2026 06:04:30 +0000"

eth_getTransactionReceipt
eth_getBlockByNumber
eth_chainId
eth_chainId
eth_estimateGas
eth_chainId
eth_getBlockByNumber
eth_sendTransaction
eth_accounts
eth_chainId
eth_getTransactionReceipt

    Transaction: 0x4e5c762fec584fb979576f178401317a3feb2afa6eeecd79c8727ac94c6368c6
    Gas used: 354557

    Block Number: 146
    Block Hash: 0x54d6d100ae308686342b7211c088390fbd4adce3b591a1a98593a72cf5792fdb
    Block Time: "Wed, 29 Jul 2026 06:04:30 +0000"

eth_getTransactionReceipt
eth_getBlockByNumber
eth_chainId
eth_chainId
eth_estimateGas
eth_chainId
eth_getBlockByNumber
eth_sendTransaction
eth_accounts
eth_chainId

    Transaction: 0x9f79fca5980e2f846f175608940e358917c1d097005d6ab45aef4ad23f5db02f
    Gas used: 50285

    Block Number: 147
    Block Hash: 0x7fde4aba1cf7f4f6364a8166336af87ed9f4cdcd470df87c46178a629971b3fc
    Block Time: "Wed, 29 Jul 2026 06:04:31 +0000"

eth_getTransactionReceipt
eth_getBlockByNumber
eth_chainId
eth_chainId
eth_estimateGas
eth_chainId
eth_getBlockByNumber
eth_sendTransaction
eth_accounts
eth_chainId

    Transaction: 0x54a3c704aafc5f8188ba3fe78a2497142edbe63b7a3a68cd43957290e44ec83e
    Gas used: 33081

    Block Number: 148
    Block Hash: 0x4370f993a71fa2bf9ca61d74c2f1c097559e944c632fa4c30af8d6393736b303
    Block Time: "Wed, 29 Jul 2026 06:04:31 +0000"

eth_getTransactionReceipt
eth_getBlockByNumber
eth_chainId
eth_chainId
eth_estimateGas
eth_chainId
eth_getBlockByNumber
eth_sendTransaction
eth_accounts
eth_chainId
eth_getTransactionReceipt

    Transaction: 0x1c10e05387538d89a3ccc906f44c5f6ffd3209f2a968250669440b14b3579cf7
    Gas used: 354557

    Block Number: 149
    Block Hash: 0x618db60ea75669f91000f1bd3a71cf57e32ec994c9677fee5b75918ef6b63ecd
    Block Time: "Wed, 29 Jul 2026 06:04:31 +0000"

eth_getTransactionReceipt
eth_getBlockByNumber
eth_chainId
eth_chainId
eth_estimateGas
eth_chainId
eth_getBlockByNumber
eth_sendTransaction
eth_accounts
eth_chainId

    Transaction: 0x67a6e8db847f5c6b6e2dc24884cc938ef6287de04a8c072e5694a3488e4d1ab9
    Gas used: 119801

    Block Number: 150
    Block Hash: 0x86ea5555f1bae7fe4a39bd5f127eba45d23eb3326b39cbdbca1d73d883191fd8
    Block Time: "Wed, 29 Jul 2026 06:04:31 +0000"

eth_getTransactionReceipt
eth_getBlockByNumber
eth_chainId
eth_chainId
eth_estimateGas
eth_chainId
eth_getBlockByNumber
eth_sendTransaction
eth_accounts
eth_chainId

    Transaction: 0x0e37873f5a9b1ba1129aa0f016daa6d5ec17318a5460b4e50adb3af88c047da5
    Gas used: 354557

    Block Number: 151
    Block Hash: 0x88dd7de8c529a028b0f58dad63b1ac2f7db1fa09394a5bb04686e4439a286811
    Block Time: "Wed, 29 Jul 2026 06:04:31 +0000"

eth_getTransactionReceipt
eth_getBlockByNumber
eth_chainId
eth_chainId
eth_estimateGas
eth_chainId
eth_getBlockByNumber
eth_sendTransaction
eth_accounts
eth_chainId

    Transaction: 0xbe8d0bf1193422cc9e3873ebc666d3308f524b2242a10ca56a25683f92f0e8a2
eth_getTransactionReceipt
    Gas used: 50285

    Block Number: 152
    Block Hash: 0xa7ac8ded71fe16527095ae438d47a41ab31a2a37b8cb16d56e9169f368c0c4b4
    Block Time: "Wed, 29 Jul 2026 06:04:31 +0000"

eth_getBlockByNumber
eth_chainId
eth_chainId
eth_estimateGas
eth_chainId
eth_getBlockByNumber
eth_sendTransaction
eth_accounts
eth_chainId
eth_getTransactionReceipt

    Transaction: 0x0876302c77407b7670dfaea3a3dd1aa632c912e8c326916651386d59ffc42f1e
    Gas used: 33081

    Block Number: 153
    Block Hash: 0xde721fcd5ecfc30b8dc454f9d0fdf904a4eb241ecbe5e4a5ba4a8226590192f2
    Block Time: "Wed, 29 Jul 2026 06:04:31 +0000"

eth_getTransactionReceipt
eth_getBlockByNumber
eth_chainId
eth_chainId
eth_estimateGas
eth_chainId
eth_getBlockByNumber
eth_sendTransaction
eth_accounts
eth_chainId

    Transaction: 0xd0d39931d44ee2af02b15ebef6370a06c3d0e83ecec88de36370687d62439d68
    Gas used: 354557

    Block Number: 154
    Block Hash: 0xc5cc8c1efc7de34a4620bff9ca31ba74af3bbff9048a36cca2800cf370abfaac
    Block Time: "Wed, 29 Jul 2026 06:04:31 +0000"

eth_getTransactionReceipt
eth_getBlockByNumber
eth_chainId
eth_chainId
eth_estimateGas
eth_chainId
eth_getBlockByNumber
eth_sendTransaction
eth_accounts
eth_chainId

    Transaction: 0xd66afb913b36bd53896c58835b4261d765de23db72f2b61a6df57080c9be0d46
    Gas used: 119801

    Block Number: 155
    Block Hash: 0x0953afe6d29131833f95d7832e957f4186fe674013d2a11f19dfa466ed8ceda6
    Block Time: "Wed, 29 Jul 2026 06:04:31 +0000"

eth_getTransactionReceipt
eth_getBlockByNumber
eth_chainId
eth_chainId
eth_estimateGas
eth_chainId
eth_getBlockByNumber
eth_sendTransaction
eth_accounts
eth_chainId
eth_getTransactionReceipt

    Transaction: 0x4104182275c2caeff3ca995e68a5a7369c9b7cdae1b1099fac1b19e98552345d
    Gas used: 354557

    Block Number: 156
    Block Hash: 0xfa0e37009d45124f53a83a5afeacd806890181bfb8e687e31edc9a6f44ed5cb3
    Block Time: "Wed, 29 Jul 2026 06:04:31 +0000"

eth_getTransactionReceipt
eth_getBlockByNumber
eth_chainId
eth_chainId
eth_estimateGas
eth_chainId
eth_getBlockByNumber
eth_sendTransaction
eth_accounts
eth_chainId

    Transaction: 0x9b93b77694b17cc3062187c32cc2177c1c9548a94d079a3f185607528e9dd831
    Gas used: 50285

    Block Number: 157
    Block Hash: 0xfd059fbd5423f61030f73ab94fc71e7b13172babd121307f17f3cb280ee665cd
    Block Time: "Wed, 29 Jul 2026 06:04:31 +0000"

eth_getTransactionReceipt
eth_getBlockByNumber
eth_chainId
eth_chainId
eth_estimateGas
eth_chainId
eth_getBlockByNumber
eth_sendTransaction
eth_accounts
eth_chainId

    Transaction: 0x69c68dba4f9cf0959683ae2d370a6bd8bb5c04c0dca2e4bf1bef8889cefa15bb
    Gas used: 33081

    Block Number: 158
    Block Hash: 0x6220c0f94e6cd6219eeb2e3de3dc07296f0c7b5bbb7409e0a402b261dd7bffb5
    Block Time: "Wed, 29 Jul 2026 06:04:31 +0000"

eth_getTransactionReceipt
eth_getBlockByNumber
eth_chainId
eth_chainId
eth_estimateGas
eth_chainId
eth_getBlockByNumber
eth_sendTransaction
eth_accounts
eth_chainId
eth_getTransactionReceipt

    Transaction: 0x91dcc92a55c5f1435bdddfd323315affdd09eab088ea5740a41d825220e44c1b
    Gas used: 354557

    Block Number: 159
    Block Hash: 0xe1e6e446e2e109c9d2a6ef5c0701b03e190ad1a4d1339a07ce00ddd260edfde3
    Block Time: "Wed, 29 Jul 2026 06:04:31 +0000"

eth_getTransactionReceipt
eth_getBlockByNumber
eth_chainId
eth_chainId
eth_estimateGas
eth_chainId
eth_getBlockByNumber
eth_sendTransaction
eth_accounts
eth_chainId

    Transaction: 0x8e16e710adf20f57930547c1784aace4afa70e5369b40fe49eedb8a516439d0d
    Gas used: 119801

    Block Number: 160
eth_getTransactionReceipt
    Block Hash: 0x1485ce7d7e05db6fc119cf32a760f029923f9b3d2692ee1b5769d8b127efd9cf
    Block Time: "Wed, 29 Jul 2026 06:04:31 +0000"

eth_getBlockByNumber
eth_chainId
eth_chainId
eth_estimateGas
eth_chainId
eth_getBlockByNumber
eth_sendTransaction
eth_accounts
eth_chainId

    Transaction: 0xb215c26b48904868d7ab472b532ea739216f29ffb39d4fc564f2f77b0727b8f0
    Gas used: 354557

    Block Number: 161
    Block Hash: 0x242998b98e0b8233597296c3843dd0101e7abe4277a7d621b0e71c4104068255
    Block Time: "Wed, 29 Jul 2026 06:04:31 +0000"

eth_getTransactionReceipt
eth_getBlockByNumber
eth_chainId
eth_chainId
eth_estimateGas
eth_chainId
eth_getBlockByNumber
eth_sendTransaction
eth_accounts
eth_chainId
eth_getTransactionReceipt

    Transaction: 0x91c7c0c62d9465b0eb60006d7e0857b34f2dadfd75a1fc9cb168ded5cc273600
    Gas used: 50285

    Block Number: 162
    Block Hash: 0x5f857675a256f3829efad5eda84409171fc697a2fa5140d8a11d4461f7778ae8
    Block Time: "Wed, 29 Jul 2026 06:04:31 +0000"

eth_getTransactionReceipt
eth_getBlockByNumber
eth_chainId
eth_chainId
eth_estimateGas
eth_chainId
eth_getBlockByNumber
eth_sendTransaction
eth_accounts
eth_chainId

    Transaction: 0xa24cb1f76fe09e7c8f2f98d9c61110cfe20a2bd49cc6c338cdd11c252b71e6b2
    Gas used: 33081

    Block Number: 163
    Block Hash: 0xf96fe767be6915008e56a21a662b780783bd866bd391ca102c18134fd591d53c
    Block Time: "Wed, 29 Jul 2026 06:04:31 +0000"

eth_getTransactionReceipt
eth_getBlockByNumber
eth_chainId
eth_chainId
eth_estimateGas
eth_chainId
eth_getBlockByNumber
eth_sendTransaction
eth_accounts
eth_chainId
eth_getTransactionReceipt

    Transaction: 0x2459ece38ba1d89a02ed0c2abddc893da940b791b91042f2ae69f5f5b6f6b501
    Gas used: 354557

    Block Number: 164
    Block Hash: 0x476f7d680740e0c6dcde37d5ab5ed7c43dab55f5d3209c7f15ecde7af13ab2b2
    Block Time: "Wed, 29 Jul 2026 06:04:31 +0000"

eth_getTransactionReceipt
eth_getBlockByNumber
eth_chainId
eth_chainId
eth_estimateGas
eth_chainId
eth_getBlockByNumber
eth_sendTransaction
eth_accounts
eth_chainId
eth_getTransactionReceipt

    Transaction: 0xd7a71b8b7df6c78b8a144e7a077d9fdf75f841df699b8bed217c67061dfc1248
    Gas used: 119801

    Block Number: 165
    Block Hash: 0x9ab00b89967d3f19f66e78ff8266faf769e22e38bb41649fb37c4c74e44e4624
    Block Time: "Wed, 29 Jul 2026 06:04:31 +0000"

eth_getBlockByNumber
eth_chainId
eth_chainId
eth_estimateGas
eth_chainId
eth_getBlockByNumber
eth_sendTransaction
eth_accounts
eth_chainId
eth_getTransactionReceipt

    Transaction: 0x95ee2d27ac2893fbe66c34297be030bab063acbdcaad0e7cdfab51f9e930c622
    Gas used: 354557

    Block Number: 166
    Block Hash: 0xe08ccdff50d5a0ed6aab898271df0e1888f8d8a3539150690e7dbb75b2e55b03
    Block Time: "Wed, 29 Jul 2026 06:04:31 +0000"

eth_getTransactionReceipt
eth_getBlockByNumber
eth_chainId
eth_chainId
eth_estimateGas
eth_chainId
eth_getBlockByNumber
eth_sendTransaction
eth_accounts
eth_chainId
eth_getTransactionReceipt

    Transaction: 0x024a3227722c1b719dff777116fbff7c9ec1a1d43fd3afd38cfb3ccbc7ad6a88
    Gas used: 50285

    Block Number: 167
    Block Hash: 0x62f6d2d847c96e53283a131774b86a0b2bcff9e30f9e8be2b88b9a2dea9f61cb
    Block Time: "Wed, 29 Jul 2026 06:04:31 +0000"

eth_getTransactionReceipt
eth_getBlockByNumber
eth_chainId
eth_chainId
eth_estimateGas
eth_chainId
eth_getBlockByNumber
eth_sendTransaction
eth_accounts
eth_chainId

    Transaction: 0x17c8fa1fffb2d524c337c5f275fd604de7bb09af863818701f5cd9b8a4cdc145
    Gas used: 33081

    Block Number: 168
    Block Hash: 0x0462ff15c2dda3e336ba7536102f8763383624c6a589d149b537056ce03ffeee
    Block Time: "Wed, 29 Jul 2026 06:04:32 +0000"

eth_getTransactionReceipt
eth_getBlockByNumber
eth_chainId
eth_chainId
eth_estimateGas
eth_chainId
eth_getBlockByNumber
eth_sendTransaction
eth_accounts
eth_chainId
eth_getTransactionReceipt

    Transaction: 0x90fc7146d47306d81200a412880f9387abb459f8bc52862df8e86c98d7d82ce2
    Gas used: 354557

    Block Number: 169
    Block Hash: 0x6a3b9ccb17391def78ea921a4d9e319e8296d56ef20c267d62352f5146a28d48
    Block Time: "Wed, 29 Jul 2026 06:04:32 +0000"

eth_getTransactionReceipt
eth_getBlockByNumber
eth_chainId
eth_chainId
eth_estimateGas
eth_chainId
eth_getBlockByNumber
eth_sendTransaction
eth_accounts
eth_chainId
eth_getTransactionReceipt

    Transaction: 0x210cb56e9b960a0688abd067f49547ba7a66f8ad0b3eb84c1fa2f25c9b74f334
    Gas used: 119801

    Block Number: 170
    Block Hash: 0x00497565c17d81338e4e3f683b34a8612564aae3beeefb506235c5fb44e8c897
    Block Time: "Wed, 29 Jul 2026 06:04:32 +0000"

eth_getTransactionReceipt
eth_chainId
eth_call
eth_chainId
web3_clientVersion
eth_chainId
eth_getCode
web3_clientVersion
web3_clientVersion
eth_chainId
eth_call
eth_chainId
eth_chainId
eth_call
eth_chainId
eth_chainId
eth_call
eth_chainId
eth_chainId
eth_call
eth_chainId
eth_chainId
eth_call
eth_chainId
eth_chainId
eth_call
eth_chainId
eth_chainId
eth_call
eth_chainId
eth_chainId
eth_call
eth_chainId
eth_chainId
eth_call
eth_chainId
eth_chainId
eth_call
eth_chainId
eth_chainId
eth_call
eth_chainId
eth_chainId
eth_call
eth_chainId
eth_chainId
eth_call
eth_chainId
eth_chainId
eth_call
eth_chainId
eth_chainId
eth_call
eth_chainId
eth_chainId
eth_call
eth_chainId
eth_chainId
eth_call
eth_chainId
eth_chainId
eth_call
eth_chainId
eth_chainId
eth_call
eth_chainId
eth_chainId
eth_call
eth_chainId
eth_chainId
eth_call
eth_chainId
eth_chainId
eth_call
eth_chainId
eth_chainId
eth_call
eth_chainId
eth_chainId
eth_call
eth_chainId
eth_chainId
eth_call
eth_chainId
eth_chainId
eth_call
eth_chainId
eth_chainId
eth_call
eth_chainId
eth_accounts
eth_getBlockByNumber
eth_chainId
eth_chainId
eth_estimateGas
eth_chainId
eth_getBlockByNumber
eth_sendTransaction
eth_accounts
eth_chainId
eth_getTransactionReceipt

    Transaction: 0xac01134845723b741623d1115dbad71d1234ddfb1a2996d62e9a78a255810118
    Gas used: 354557

    Block Number: 171
    Block Hash: 0x7b07f1333799929f1036e27664adf13d49645f195b96693c3d85982e234908c7
    Block Time: "Wed, 29 Jul 2026 06:04:47 +0000"

eth_getTransactionReceipt
eth_chainId
eth_call
eth_chainId
web3_clientVersion
eth_chainId
eth_call
eth_chainId
eth_chainId
eth_call
eth_chainId
eth_chainId
eth_call
eth_chainId
eth_chainId
eth_call
eth_chainId
eth_chainId
eth_call
eth_chainId
eth_chainId
eth_call
eth_chainId
eth_chainId
eth_call
eth_chainId
eth_chainId
eth_call
eth_chainId
eth_chainId
eth_call
eth_chainId
eth_chainId
eth_call
eth_chainId
eth_chainId
eth_call
eth_chainId
eth_chainId
eth_call
eth_chainId
eth_chainId
eth_call
eth_chainId
eth_chainId
eth_call
eth_chainId
eth_chainId
eth_call
eth_chainId
eth_chainId
eth_call
eth_chainId
eth_chainId
eth_call
eth_chainId
eth_chainId
eth_call
eth_chainId
eth_chainId
eth_call
eth_chainId
eth_chainId
eth_call
eth_chainId
eth_chainId
eth_call
eth_chainId
eth_chainId
eth_call
eth_chainId
eth_chainId
eth_call
eth_chainId
eth_chainId
eth_call
eth_chainId
eth_chainId
eth_call
eth_chainId
eth_chainId
eth_call
eth_chainId
eth_chainId
eth_call
eth_chainId
eth_chainId
eth_call
eth_chainId
eth_accounts
eth_getBlockByNumber
eth_chainId
eth_chainId
eth_estimateGas
eth_chainId
eth_getBlockByNumber
eth_sendTransaction
eth_accounts
eth_chainId
eth_getTransactionReceipt

    Transaction: 0xaf6d4a308fb251bb244174ce284167bb41e51f29c9a53239eba9f0d1ee0d2961
    Gas used: 354557

    Block Number: 172
    Block Hash: 0xa0aa6ee922cd19abba2bf91ac45910bd2b99c581ca78fe866435bf2049e74f63
    Block Time: "Wed, 29 Jul 2026 06:04:54 +0000"

eth_getTransactionReceipt
eth_chainId
eth_call
eth_chainId
web3_clientVersion
eth_accounts
eth_chainId
eth_call
eth_chainId
eth_chainId
eth_call
eth_chainId
eth_chainId
eth_call
eth_chainId
eth_chainId
eth_call
eth_chainId
eth_chainId
eth_call
eth_chainId
eth_chainId
eth_call
eth_chainId
eth_chainId
eth_call
eth_chainId
eth_chainId
eth_call
eth_chainId
eth_chainId
eth_call
eth_chainId
eth_chainId
eth_call
eth_chainId
eth_chainId
eth_call
eth_chainId
eth_chainId
eth_call
eth_chainId
eth_chainId
eth_call
eth_chainId
eth_chainId
eth_call
eth_chainId
eth_chainId
eth_call
eth_chainId
eth_chainId
eth_call
eth_chainId
eth_chainId
eth_call
eth_chainId
eth_chainId
eth_call
eth_chainId
eth_chainId
eth_call
eth_chainId
eth_chainId
eth_call
eth_chainId
eth_chainId
eth_call
eth_chainId
eth_chainId
eth_call
eth_chainId
eth_chainId
eth_call
eth_chainId
eth_chainId
eth_call
eth_chainId
eth_chainId
eth_call
eth_chainId
eth_chainId
eth_call
eth_chainId
eth_chainId
eth_call
eth_chainId
eth_chainId
eth_call
eth_chainId
eth_chainId
eth_call
eth_chainId
eth_chainId
eth_call
eth_chainId
eth_chainId
eth_call
eth_chainId
eth_chainId
eth_call
eth_chainId
eth_chainId
eth_call
eth_chainId
eth_chainId
eth_call
eth_chainId
eth_chainId
eth_call
eth_chainId
eth_chainId
eth_call
eth_chainId
eth_chainId
eth_call
eth_chainId
eth_chainId
eth_call
eth_chainId
eth_chainId
eth_call
eth_chainId
eth_chainId
eth_call
eth_chainId
eth_chainId
eth_call
eth_chainId
eth_chainId
eth_call
eth_chainId
eth_chainId
eth_call
eth_chainId
eth_chainId
eth_call
eth_chainId
eth_chainId
eth_call
eth_chainId
eth_chainId
eth_call
eth_chainId
eth_chainId
eth_call
eth_chainId
eth_chainId
eth_call
eth_chainId
eth_chainId
eth_call
eth_chainId
eth_chainId
eth_call
eth_chainId
eth_chainId
eth_call
eth_chainId
eth_chainId
eth_call
eth_chainId
eth_chainId
eth_call
eth_chainId
eth_chainId
eth_call
eth_chainId
eth_chainId
eth_call
eth_chainId
eth_chainId
eth_call
eth_chainId
eth_chainId
eth_call
eth_chainId
eth_getBlockByNumber
eth_chainId
eth_chainId
eth_estimateGas
eth_chainId
eth_getBlockByNumber
eth_sendTransaction
eth_accounts
eth_chainId
eth_getTransactionReceipt

    Transaction: 0x34be0f67e356d238b2b8a6c62d3d26a02070feb3281278dd0f7a613a164d0f1b
    Gas used: 119801

    Block Number: 173
    Block Hash: 0x641200215392c7000945e156b59f50b7896e1fe446457e99b83d81cc6623823e
    Block Time: "Wed, 29 Jul 2026 06:04:55 +0000"

eth_getTransactionReceipt
eth_chainId
eth_call
eth_chainId
eth_getBlockByNumber
eth_chainId
eth_chainId
eth_estimateGas
eth_chainId
eth_getBlockByNumber
eth_sendTransaction
eth_accounts
eth_chainId
eth_getTransactionReceipt

    Transaction: 0x177ab8a2e70409dd3c3ed835799437a64daae3fcac830fbc71332ca1413eb8d8
    Gas used: 50285

    Block Number: 174
    Block Hash: 0xd1912ec361c94f9adcfc14fcb9e2cb5ce15a536c09e783933cea592490aa88f4
    Block Time: "Wed, 29 Jul 2026 06:04:55 +0000"

eth_getTransactionReceipt
eth_chainId
eth_call
eth_chainId
web3_clientVersion
eth_chainId
eth_call
eth_chainId
eth_chainId
eth_call
eth_chainId
eth_chainId
eth_call
eth_chainId
eth_chainId
eth_call
eth_chainId
eth_chainId
eth_call
eth_chainId
eth_chainId
eth_call
eth_chainId
eth_chainId
eth_call
eth_chainId
eth_chainId
eth_call
eth_chainId
eth_chainId
eth_call
eth_chainId
eth_chainId
eth_call
eth_chainId
eth_chainId
eth_call
eth_chainId
eth_chainId
eth_call
eth_chainId
eth_chainId
eth_call
eth_chainId
eth_chainId
eth_call
eth_chainId
eth_chainId
eth_call
eth_chainId
eth_chainId
eth_call
eth_chainId
eth_chainId
eth_call
eth_chainId
eth_chainId
eth_call
eth_chainId
eth_chainId
eth_call
eth_chainId
eth_chainId
eth_call
eth_chainId
eth_chainId
eth_call
eth_chainId
eth_chainId
eth_call
eth_chainId
eth_chainId
eth_call
eth_chainId
eth_chainId
eth_call
eth_chainId
eth_chainId
eth_call
eth_chainId
eth_chainId
eth_call
eth_chainId
eth_chainId
eth_call
eth_chainId
eth_chainId
eth_call
eth_chainId
eth_chainId
eth_call
eth_chainId
eth_chainId
eth_call
eth_chainId
eth_chainId
eth_call
eth_chainId
eth_chainId
eth_call
eth_chainId
eth_chainId
eth_call
eth_chainId
eth_chainId
eth_call
eth_chainId
eth_chainId
eth_call
eth_chainId
eth_chainId
eth_call
eth_chainId
eth_chainId
eth_call
eth_chainId
eth_chainId
eth_call
eth_chainId
eth_chainId
eth_call
eth_chainId
eth_chainId
eth_call
eth_chainId
eth_chainId
eth_call
eth_chainId
eth_chainId
eth_call
eth_chainId
eth_chainId
eth_call
eth_chainId
eth_chainId
eth_call
eth_chainId
eth_chainId
eth_call
eth_chainId
eth_chainId
eth_call
eth_chainId
eth_chainId
eth_call
eth_chainId
eth_chainId
eth_call
eth_chainId
eth_chainId
eth_call
eth_chainId
eth_chainId
eth_call
eth_chainId
eth_chainId
eth_call
eth_chainId
eth_chainId
eth_call
eth_chainId
eth_chainId
eth_call
eth_chainId
eth_chainId
eth_call
eth_chainId
eth_chainId
eth_call
eth_chainId
eth_chainId
eth_call
eth_chainId
eth_chainId
eth_call
eth_chainId
eth_chainId
eth_call
eth_chainId
eth_accounts
eth_getBlockByNumber
eth_chainId
eth_chainId
eth_estimateGas
eth_chainId
eth_getBlockByNumber
eth_sendTransaction
eth_accounts
eth_chainId

    Transaction: 0xaed4e1de9c3dc12d4a9fb301480a5baffb2d09b4d01c8f49d34f8dfbb397a474
    Gas used: 33081

    Block Number: 175
    Block Hash: 0x0f62f624215dc7475da4e37736de594e57d5c179b97229b04accc0ce5ae903a9
    Block Time: "Wed, 29 Jul 2026 06:05:05 +0000"

eth_getTransactionReceipt
web3_clientVersion
eth_accounts
eth_chainId
eth_call
eth_chainId
eth_chainId
eth_call
eth_chainId
eth_chainId
eth_call
eth_chainId
eth_chainId
eth_call
eth_chainId
eth_chainId
eth_call
eth_chainId
eth_chainId
eth_call
eth_chainId
eth_chainId
eth_call
eth_chainId
eth_chainId
eth_call
eth_chainId
eth_chainId
eth_call
eth_chainId
eth_chainId
eth_call
eth_chainId
eth_chainId
eth_call
eth_chainId
eth_chainId
eth_call
eth_chainId
eth_chainId
eth_call
eth_chainId
eth_chainId
eth_call
eth_chainId
eth_chainId
eth_call
eth_chainId
eth_chainId
eth_call
eth_chainId
eth_chainId
eth_call
eth_chainId
eth_chainId
eth_call
eth_chainId
eth_chainId
eth_call
eth_chainId
eth_chainId
eth_call
eth_chainId
eth_chainId
eth_call
eth_chainId
eth_chainId
eth_call
eth_chainId
eth_chainId
eth_call
eth_chainId
eth_chainId
eth_call
eth_chainId
eth_chainId
eth_call
eth_chainId
eth_chainId
eth_call
eth_chainId
eth_chainId
eth_call
eth_chainId
eth_chainId
eth_call
eth_chainId
eth_chainId
eth_call
eth_chainId
eth_chainId
eth_call
eth_chainId
eth_chainId
eth_call
eth_chainId
eth_chainId
eth_call
eth_chainId
eth_chainId
eth_call
eth_chainId
eth_chainId
eth_call
eth_chainId
eth_chainId
eth_call
eth_chainId
eth_chainId
eth_call
eth_chainId
eth_chainId
eth_call
eth_chainId
eth_chainId
eth_call
eth_chainId
eth_chainId
eth_call
eth_chainId
eth_chainId
eth_call
eth_chainId
eth_chainId
eth_call
eth_chainId
eth_chainId
eth_call
eth_chainId
eth_chainId
eth_call
eth_chainId
eth_chainId
eth_call
eth_chainId
eth_chainId
eth_call
eth_chainId
eth_chainId
eth_call
eth_chainId
eth_chainId
eth_call
eth_chainId
eth_chainId
eth_call
eth_chainId
eth_chainId
eth_call
eth_chainId
eth_chainId
eth_call
eth_chainId
eth_chainId
eth_call
eth_chainId
eth_chainId
eth_call
eth_chainId
eth_chainId
eth_call
eth_chainId
eth_chainId
eth_call
eth_chainId
eth_chainId
eth_call
eth_chainId
eth_getBlockByNumber
eth_chainId
eth_chainId
eth_estimateGas
eth_chainId
eth_getBlockByNumber
eth_sendTransaction
eth_accounts
eth_chainId
eth_getTransactionReceipt

    Transaction: 0x7c2994b692e936a273dae41bffd42adbb87d951f7d4d146ababb715de12c5e5c
    Gas used: 102701

    Block Number: 176
    Block Hash: 0xb00a7853122b7894258ba16872fa9189d2c5e2fa5647aee1c3dcc20ddc696d19
    Block Time: "Wed, 29 Jul 2026 06:05:14 +0000"

eth_getTransactionReceipt
eth_chainId
eth_call
eth_chainId
eth_chainId
eth_call
eth_chainId
eth_chainId
eth_call
eth_chainId
eth_getBlockByNumber
eth_chainId
eth_chainId
eth_estimateGas
eth_chainId
eth_getBlockByNumber
eth_sendTransaction
eth_accounts
eth_chainId
eth_getTransactionReceipt

    Transaction: 0xcd7d3cea76a6239ee45d29f04cb99fab03a7dd020e79739fe389d76f2f0629db
    Gas used: 33464

    Block Number: 177
    Block Hash: 0xade3891e6e5a624f026e5aeab206757a3c0c8e16e2fb4f00d2db5467a3ab491e
    Block Time: "Wed, 29 Jul 2026 06:05:14 +0000"

eth_getTransactionReceipt
web3_clientVersion
eth_chainId
eth_getCode
web3_clientVersion
web3_clientVersion
eth_chainId
eth_call
eth_chainId
eth_chainId
eth_call
eth_chainId
eth_chainId
eth_call
eth_chainId
eth_chainId
eth_call
eth_chainId
eth_chainId
eth_call
eth_chainId
eth_chainId
eth_call
eth_chainId
eth_chainId
eth_call
eth_chainId
eth_chainId
eth_call
eth_chainId
eth_chainId
eth_call
eth_chainId
eth_chainId
eth_call
eth_chainId
eth_chainId
eth_call
eth_chainId
eth_chainId
eth_call
eth_chainId
eth_chainId
eth_call
eth_chainId
eth_chainId
eth_call
eth_chainId
eth_chainId
eth_call
eth_chainId
eth_chainId
eth_call
eth_chainId
eth_chainId
eth_call
eth_chainId
eth_chainId
eth_call
eth_chainId
eth_chainId
eth_call
eth_chainId
eth_chainId
eth_call
eth_chainId
eth_chainId
eth_call
eth_chainId
eth_chainId
eth_call
eth_chainId
eth_chainId
eth_call
eth_chainId
eth_chainId
eth_call
eth_chainId
eth_chainId
eth_call
eth_chainId
eth_chainId
eth_call
eth_chainId
eth_chainId
eth_call
eth_chainId
eth_chainId
eth_call
eth_chainId
eth_chainId
eth_call
eth_chainId
eth_accounts
eth_getBlockByNumber
eth_chainId
eth_chainId
eth_estimateGas
eth_chainId
eth_getBlockByNumber
eth_sendTransaction
eth_accounts
eth_chainId

    Transaction: 0xb801dead3433ae50adce78ab4d2b595e8d563acce728b092d0f78c727d233702
    Gas used: 354557

    Block Number: 178
    Block Hash: 0x6eec9b5a6538ae6abe71249acf6c7a3321b7655c7fc6ee02ca951b168c42ed1e
    Block Time: "Wed, 29 Jul 2026 06:05:25 +0000"

eth_getTransactionReceipt
eth_chainId
eth_call
eth_chainId
web3_clientVersion
eth_chainId
eth_call
eth_chainId
eth_chainId
eth_call
eth_chainId
eth_chainId
eth_call
eth_chainId
eth_chainId
eth_call
eth_chainId
eth_chainId
eth_call
eth_chainId
eth_chainId
eth_call
eth_chainId
eth_chainId
eth_call
eth_chainId
eth_chainId
eth_call
eth_chainId
eth_chainId
eth_call
eth_chainId
eth_chainId
eth_call
eth_chainId
eth_chainId
eth_call
eth_chainId
eth_chainId
eth_call
eth_chainId
eth_chainId
eth_call
eth_chainId
eth_chainId
eth_call
eth_chainId
eth_chainId
eth_call
eth_chainId
eth_chainId
eth_call
eth_chainId
eth_chainId
eth_call
eth_chainId
eth_chainId
eth_call
eth_chainId
eth_chainId
eth_call
eth_chainId
eth_chainId
eth_call
eth_chainId
eth_chainId
eth_call
eth_chainId
eth_chainId
eth_call
eth_chainId
eth_chainId
eth_call
eth_chainId
eth_chainId
eth_call
eth_chainId
eth_chainId
eth_call
eth_chainId
eth_chainId
eth_call
eth_chainId
eth_chainId
eth_call
eth_chainId
eth_chainId
eth_call
eth_chainId
eth_chainId
eth_call
eth_chainId
eth_chainId
eth_call
eth_chainId
eth_accounts
eth_getBlockByNumber
eth_chainId
eth_chainId
eth_estimateGas
eth_chainId
eth_getBlockByNumber
eth_sendTransaction
eth_accounts
eth_chainId

    Transaction: 0x799b833c6518c69f335292fb468d094165aae50a5b77df030ed0de20164a3f10
    Gas used: 354557

    Block Number: 179
    Block Hash: 0x95cc0d79ea01dacadf59383cf67463f298d2bc95f19b37e1821970293dc0bb7d
    Block Time: "Wed, 29 Jul 2026 06:05:32 +0000"

eth_getTransactionReceipt
eth_chainId
eth_call
eth_chainId
web3_clientVersion
eth_accounts
eth_chainId
eth_call
eth_chainId
eth_chainId
eth_call
eth_chainId
eth_chainId
eth_call
eth_chainId
eth_chainId
eth_call
eth_chainId
eth_chainId
eth_call
eth_chainId
eth_chainId
eth_call
eth_chainId
eth_chainId
eth_call
eth_chainId
eth_chainId
eth_call
eth_chainId
eth_chainId
eth_call
eth_chainId
eth_chainId
eth_call
eth_chainId
eth_chainId
eth_call
eth_chainId
eth_chainId
eth_call
eth_chainId
eth_chainId
eth_call
eth_chainId
eth_chainId
eth_call
eth_chainId
eth_chainId
eth_call
eth_chainId
eth_chainId
eth_call
eth_chainId
eth_chainId
eth_call
eth_chainId
eth_chainId
eth_call
eth_chainId
eth_chainId
eth_call
eth_chainId
eth_chainId
eth_call
eth_chainId
eth_chainId
eth_call
eth_chainId
eth_chainId
eth_call
eth_chainId
eth_chainId
eth_call
eth_chainId
eth_chainId
eth_call
eth_chainId
eth_chainId
eth_call
eth_chainId
eth_chainId
eth_call
eth_chainId
eth_chainId
eth_call
eth_chainId
eth_chainId
eth_call
eth_chainId
eth_chainId
eth_call
eth_chainId
eth_chainId
eth_call
eth_chainId
eth_chainId
eth_call
eth_chainId
eth_chainId
eth_call
eth_chainId
eth_chainId
eth_call
eth_chainId
eth_chainId
eth_call
eth_chainId
eth_chainId
eth_call
eth_chainId
eth_chainId
eth_call
eth_chainId
eth_chainId
eth_call
eth_chainId
eth_chainId
eth_call
eth_chainId
eth_chainId
eth_call
eth_chainId
eth_chainId
eth_call
eth_chainId
eth_chainId
eth_call
eth_chainId
eth_chainId
eth_call
eth_chainId
eth_chainId
eth_call
eth_chainId
eth_chainId
eth_call
eth_chainId
eth_chainId
eth_call
eth_chainId
eth_chainId
eth_call
eth_chainId
eth_chainId
eth_call
eth_chainId
eth_chainId
eth_call
eth_chainId
eth_chainId
eth_call
eth_chainId
eth_chainId
eth_call
eth_chainId
eth_chainId
eth_call
eth_chainId
eth_chainId
eth_call
eth_chainId
eth_chainId
eth_call
eth_chainId
eth_chainId
eth_call
eth_chainId
eth_chainId
eth_call
eth_chainId
eth_chainId
eth_call
eth_chainId
eth_chainId
eth_call
eth_chainId
eth_chainId
eth_call
eth_chainId
eth_chainId
eth_call
eth_chainId
eth_chainId
eth_call
eth_chainId
eth_chainId
eth_call
eth_chainId
eth_getBlockByNumber
eth_chainId
eth_chainId
eth_estimateGas
eth_chainId
eth_getBlockByNumber
eth_sendTransaction
eth_accounts
eth_chainId
eth_getTransactionReceipt

    Transaction: 0x53978d42de7c38922d3011103c986a4731f721194f747ceaef25c58f14f18733
    Gas used: 119801

    Block Number: 180
    Block Hash: 0x787d14d2294d24f26431c4bce7c36769803c381191c6a1240f3cc25270f1ced2
    Block Time: "Wed, 29 Jul 2026 06:05:33 +0000"

eth_getTransactionReceipt
eth_chainId
eth_call
eth_chainId
eth_getBlockByNumber
eth_chainId
eth_chainId
eth_estimateGas
eth_chainId
eth_getBlockByNumber
eth_sendTransaction
eth_accounts
eth_chainId
eth_getTransactionReceipt

    Transaction: 0x36b1cd37b55170a46ef5a89bae86353bb24f9ee3631cc46748e53891adb3b512
    Gas used: 50285

    Block Number: 181
    Block Hash: 0x6912f5928f0a318d8cee4cd48a23fb8beaae6a994062c7d1bdc7520c2934e41b
    Block Time: "Wed, 29 Jul 2026 06:05:33 +0000"

eth_getTransactionReceipt
eth_chainId
eth_call
eth_chainId
web3_clientVersion
eth_chainId
eth_call
eth_chainId
eth_chainId
eth_call
eth_chainId
eth_chainId
eth_call
eth_chainId
eth_chainId
eth_call
eth_chainId
eth_chainId
eth_call
eth_chainId
eth_chainId
eth_call
eth_chainId
eth_chainId
eth_call
eth_chainId
eth_chainId
eth_call
eth_chainId
eth_chainId
eth_call
eth_chainId
eth_chainId
eth_call
eth_chainId
eth_chainId
eth_call
eth_chainId
eth_chainId
eth_call
eth_chainId
eth_chainId
eth_call
eth_chainId
eth_chainId
eth_call
eth_chainId
eth_chainId
eth_call
eth_chainId
eth_chainId
eth_call
eth_chainId
eth_chainId
eth_call
eth_chainId
eth_chainId
eth_call
eth_chainId
eth_chainId
eth_call
eth_chainId
eth_chainId
eth_call
eth_chainId
eth_chainId
eth_call
eth_chainId
eth_chainId
eth_call
eth_chainId
eth_chainId
eth_call
eth_chainId
eth_chainId
eth_call
eth_chainId
eth_chainId
eth_call
eth_chainId
eth_chainId
eth_call
eth_chainId
eth_chainId
eth_call
eth_chainId
eth_chainId
eth_call
eth_chainId
eth_chainId
eth_call
eth_chainId
eth_chainId
eth_call
eth_chainId
eth_chainId
eth_call
eth_chainId
eth_chainId
eth_call
eth_chainId
eth_chainId
eth_call
eth_chainId
eth_chainId
eth_call
eth_chainId
eth_chainId
eth_call
eth_chainId
eth_chainId
eth_call
eth_chainId
eth_chainId
eth_call
eth_chainId
eth_chainId
eth_call
eth_chainId
eth_chainId
eth_call
eth_chainId
eth_chainId
eth_call
eth_chainId
eth_chainId
eth_call
eth_chainId
eth_chainId
eth_call
eth_chainId
eth_chainId
eth_call
eth_chainId
eth_chainId
eth_call
eth_chainId
eth_chainId
eth_call
eth_chainId
eth_chainId
eth_call
eth_chainId
eth_chainId
eth_call
eth_chainId
eth_chainId
eth_call
eth_chainId
eth_chainId
eth_call
eth_chainId
eth_chainId
eth_call
eth_chainId
eth_chainId
eth_call
eth_chainId
eth_chainId
eth_call
eth_chainId
eth_chainId
eth_call
eth_chainId
eth_chainId
eth_call
eth_chainId
eth_chainId
eth_call
eth_chainId
eth_chainId
eth_call
eth_chainId
eth_chainId
eth_call
eth_chainId
eth_chainId
eth_call
eth_chainId
eth_chainId
eth_call
eth_chainId
eth_chainId
eth_call
eth_chainId
eth_chainId
eth_call
eth_chainId
eth_chainId
eth_call
eth_chainId
eth_accounts
eth_getBlockByNumber
eth_chainId
eth_chainId
eth_estimateGas
eth_chainId
eth_getBlockByNumber
eth_sendTransaction
eth_accounts
eth_chainId

    Transaction: 0x95ca669a183674be181608203404bc40aa8e76d0d655f7c557a9565d8ac777b7
    Gas used: 33081

    Block Number: 182
    Block Hash: 0x7b601d77d04b554d69907bcb0c5d7508549d81b2065f930d32e12f36493eb32c
    Block Time: "Wed, 29 Jul 2026 06:05:42 +0000"

eth_getTransactionReceipt
