Id,ORGANIZATION,NAME,GENDER,SPECIALITY,ADDRESS,CITY,STATE,ZIP,LAT,LON,ENCOUNTERS,PROCEDURES
d3db66cc-9466-37ec-9a1b-4bdd1bc0c116,74ab949d-17ac-3309-83a0-13b4405c66aa,Ted955 Reilly981,M,GENERAL PRACTICE,881 Main Street,Fitchburg,MA,01420,42.586487,-71.80521,1994,0
581db23c-5add-3b25-8c23-5a5918a00bb5,588f6ce6-b8db-3588-8189-29db2680a313,Terence292 Brakus656,M,GENERAL PRACTICE,461 WALNUT AVE,JAMAICA PLAIN,MA,021302331,42.311587599999996,-71.09800136347226,133,0
fd83b2fc-3439-3c06-818f-0e5f224e3613,faffaf6a-ee1a-3673-b0b0-421a9c249244,Gustavo235 Armstrong51,M,GENERAL PRACTICE,66 WASHINGTON ST,STOUGHTON,MA,020722571,42.14415820061801,-71.10378319512402,110,0
9437346f-ce99-36e6-9a3b-5539372adc43,17a4bae5-8b64-34d7-8144-b428be027bd0,Olympia319 Ward668,F,GENERAL PRACTICE,512 MAIN STREET  SUITE 211,SHREWSBURY,MA,015456406,42.295109499999995,-71.71808471110307,1,0
b2bc8cd9-3955-37dc-9db0-426895728351,4112b8b1-59df-3255-a7ca-f42ee0a4cb2e,Nereida276 Feeney44,F,GENERAL PRACTICE,37 ROUTE 6A,SANDWICH,MA,025631801,41.766329400000004,-70.5147600346998,12,0
97291063-9eb0-35bd-a062-050330b10b3b,e09d4c49-c2ef-3b0f-9a46-3719d9219306,Jules135 Emard19,M,GENERAL PRACTICE,60 HOSPITAL RD,LEOMINSTER,MA,014533290,42.54031915,-71.76312990486304,1398,0
b49afbf5-4044-3461-b819-d14689dfc809,e76b5eb0-0c9d-3593-b5da-3c0e9a97bb96,Gisele901 Lehner980,F,GENERAL PRACTICE,1400 VFW Parkway,West Roxbury,MA,02132,42.2793,-71.1657,711,0
27f09432-94ef-392f-b063-b7f3aae01a39,c241b977-4131-32e4-9957-e0a00b2a1e5f,Kip442 Krajcik437,M,GENERAL PRACTICE,94 MAIN STREET,HYANNIS,MA,026013146,41.6562802,-70.27448000204822,114,0
7c30216f-48c7-35a7-9742-fe3da879cb40,ef5390b4-cba5-3d83-96db-af783a7adb43,Milan77 Anderson154,M,GENERAL PRACTICE,360 MERRIMACK ST,MALDEN,MA,021482329,42.4250964,-71.066163,3,0
0fdb767b-9f1e-39d0-8a92-81e6d473df3f,77645e49-3f69-3d1d-bb93-dc65210e2fac,Jarvis643 Ankunding277,M,GENERAL PRACTICE,363 HIGHLAND AVE,FALL RIVER,MA,027205246,41.7093779,-71.1460783680883,332,0
d42525c5-8c0d-34ac-9ea3-87e5e3740aa1,d2284f74-b6da-3a15-9791-84cdf2db18fb,Donnell534 Mosciski958,M,GENERAL PRACTICE,331 E FALMOUTH HWY,E FALMOUTH,MA,025366039,41.57853245,-70.5617374807812,79,0
b9e9aa01-059d-3134-8872-5a7bfac2b517,5becf220-2978-3f33-bd38-9326947f85de,Thad495 Leannon79,M,GENERAL PRACTICE,240 LYNNFIELD STREET,PEABODY,MA,019605055,42.5141736,-70.97106354209534,54,0
abe96816-96f4-3559-a0af-b5a9b3b080a6,a58ec72a-cf43-3de5-88c1-de2fbec976a5,Gonzalo160 Lomeli256,M,GENERAL PRACTICE,255 CENTRAL AVE,CHELSEA,MA,021503508,42.38804035,-71.02650270378646,7,0
64bccd97-323e-384b-ad0c-032b4d37e322,03d0392a-7361-32b3-81c9-8c8ac985be00,Cameron381 Daniel959,F,GENERAL PRACTICE,280 WASHINGTON ST STE 204,BROOKLINE,MA,024451922,42.33302785,-71.1193506756953,142,0
1db2c414-a1bf-368c-a794-09bb1684435f,a418cf76-2ee3-3736-a752-29ee33e86015,Armando772 Urbina137,M,GENERAL PRACTICE,62 CENTER STREET,FAIRHAVEN,MA,027193823,41.63663425,-70.90101829397507,4,0
989e05ac-bfe4-39f4-86b4-d1b893613216,2936ca90-6594-357d-be14-53fe0ab84dd1,Daniel959 Ankunding277,M,GENERAL PRACTICE,11 TREMONT ST,KINGSTON,MA,023641231,42.00823215,-70.72984043580247,134,0
065b2029-39f1-305e-a1a7-e43d83560371,e3089df2-a1db-372a-b660-30392d8c197b,Isaiah615 Waters156,M,GENERAL PRACTICE,178 N MAIN ST,SHARON,MA,020671229,42.13301625,-71.17263163492832,50,0
d29c0995-f81c-3c64-9a53-2d0927b7f579,42d4b607-f14d-370a-818e-40965685776c,Arlen68 Hettinger594,M,GENERAL PRACTICE,3 WASHINGTON ST STE 220,NORTH EASTON,MA,023561034,42.0667665,-71.1036592,226,0
e942f006-a0ff-3d46-b66c-9e318d5fe3f7,ab701a70-a658-340e-8f69-ee196a7d40c6,Bud153 Parisian75,M,GENERAL PRACTICE,484 RTE 134,WORCESTER,MA,016071728,42.2625621,-71.8018877,66,0
c46e36fa-250c-309f-8927-8567ec373000,41e77ca4-b0d7-3c1d-ac88-4ae5a705913d,Wanita14 Pfeffer420,F,GENERAL PRACTICE,20 CLAFLIN STREET,MILFORD,MA,017573356,42.137601149999995,-71.51680334935877,2,0
5a9a43f0-6c1c-3a34-ae49-a92d870d27eb,11ba6a26-59b4-3728-a268-6dc9929962b4,Angelic427 McCullough561,F,GENERAL PRACTICE,200 GOVERNORS AVENUE,MEDFORD,MA,021551644,42.42711615,-71.1121606632448,12,0
01338bda-9d58-3573-b6b6-a8a99fdd2ac4,f736c0f5-6d39-3e26-8ac1-39e1fc60dfbe,Huong243 Jakubowski832,F,GENERAL PRACTICE,11 QUARRY HILL ROAD,LEE,MA,012389645,42.2816564,-73.25307843923315,51,0
031514f8-c3a6-3d06-9498-1690a1217f00,af2d050e-91a7-3acb-8b27-0bf6a259645e,Cecila397 Bernhard322,F,GENERAL PRACTICE,57 CITY HALL AVE,GARDNER,MA,014402614,42.5760669,-71.9934081,103,0
6d6689da-a584-3c1e-a309-f664c8dc80d8,71472d9b-aa5c-3b49-a5c3-d0eee8859015,Cuc113 Kutch271,F,GENERAL PRACTICE,118 WATERHOUSE RD STE C,BOURNE,MA,025328305,41.7281115,-70.5861571324252,240,0
e093621a-61ff-35c0-ae9f-d648b3880021,8a2e2731-3240-39d1-b4f0-cad14200937d,Carter549 Ritchie586,M,GENERAL PRACTICE,88 WASHINGTON ST,TAUNTON,MA,027802465,41.9062805,-71.09518121351795,333,0
ae6bed0c-5324-3e29-bc93-e8b369059851,88e28a1c-aad9-36d0-832b-b579ecb95c3d,Cherish740 Toy286,F,GENERAL PRACTICE,14 MANNING AVENUE,LEOMINSTER,MA,014535768,42.5253035,-71.7584413,212,0
4c345420-8733-3c8f-9870-2574aac8bdc9,52ecddd8-42f6-35cc-88a5-cf474c02fb49,Maxima831 Fahey393,F,GENERAL PRACTICE,94 OBERY STREET,PLYMOUTH,MA,023602130,41.93725,-70.65503160208334,144,0
aa4557ae-02dd-393e-894e-852bc894b4fe,0c8cc36b-3025-37ad-b7ab-50ea3aeea5a8,Jenniffer979 Terry864,F,GENERAL PRACTICE,143 LONGWATER DRIVE,WEYMOUTH,MA,021902432,42.2212188,-70.9391625,41,0
28e5fed7-4e6e-3848-821a-2e1f186b2d34,2b376b69-72ac-3d68-aceb-018e82b8fc8f,Lucas404 Klocko335,M,GENERAL PRACTICE,113 CENTRAL AVE,HYDE PARK,MA,021363021,42.26077065,-71.1187885119897,3,0
90b58def-cf9e-3126-a101-96fa89d50e29,75f0d4cd-dbbb-3037-b6ad-2e99665728c7,Norah104 Friesen796,F,GENERAL PRACTICE,70 FULTON ST,BOSTON,MA,021091402,42.362439499999994,-71.05377386223965,31,0
45fc10bb-0f1c-30cf-bf87-8a4008ce1666,fa564970-fde4-332c-91d9-c0747b032d3e,Jeremy766 Hudson301,M,GENERAL PRACTICE,34 SOUTH LINCOLN STREET,NATICK,MA,017606049,42.2731232,-71.3105334275248,25,0
6437463a-01ef-39cf-a10b-19538604325d,39104cad-5228-3e07-9b3e-3ad736b33d5d,Chase54 Muller251,M,GENERAL PRACTICE,200 PROVIDENCE HWY,DEDHAM,MA,020261881,42.22214545274341,-71.18159060546684,24,0
533d2905-2bb8-3742-99ff-dcf0604879cc,1311c44a-85cb-3aea-a143-e5d7892ced8b,Rudolf736 Reinger292,M,GENERAL PRACTICE,300 KENSINGTON AVE,SPRINGFIELD,MA,011071139,42.091896,-72.559437,159,0
ee723393-99bb-3b7a-a306-2e5cc0fab27e,817a1428-2045-3e89-9fa2-ef7d287d6fa5,Gracia333 Schuster709,F,GENERAL PRACTICE,70-71 N PARISH RD,LAWRENCE,MA,01843,42.690315,-71.150015,197,0
1ab9b6cd-50e5-3134-a468-1928342ffc33,4bf8af75-4da2-331d-b94e-9975a887face,Gussie514 Mosciski958,F,GENERAL PRACTICE,57 PROSPECT ST,NANTUCKET,MA,025542799,41.27514065,-70.10108985970798,97,0
9bce01ed-67af-3a57-a9ca-566846a8fa31,b4359169-6bc8-3e93-9e0c-19c6bf518e58,Hallie315 Auer97,F,GENERAL PRACTICE,126 MONUMENT ST,HAVERHILL,MA,018322527,42.78715445,-71.10946686154523,1,0
e7f9baf1-dd66-3799-8c60-f56da7c1085c,4846e68f-845b-38e6-aa40-48196bf9ff0e,Adriana394 Coronado577,F,GENERAL PRACTICE,130 COLRAIN RD,GREENFIELD,MA,013019625,42.59140995,-72.62336230812821,1,0
2f5beee6-c4bb-3470-b408-84ccbc139335,667b46fe-0afa-3f70-a311-bbe3d52db050,Joshua658 Borer986,M,GENERAL PRACTICE,757 BOSTON POST RD,WORCESTER,MA,016071728,42.231371,-72.165386,16,0
0c214e79-af63-3d19-858b-720b44059954,50a91b37-cb62-3883-aa31-33802f142c2d,Leesa210 Bashirian201,F,GENERAL PRACTICE,65 WALNUT ST,WELLESLEY,MA,024812112,42.324730450000004,-71.25364984557581,26,0
89e348ee-9ece-32e2-96d5-98125cb77d20,a4af40b8-0ddb-34bb-ae4a-95a17e9ad6f3,Tambra47 Heaney114,F,GENERAL PRACTICE,100 MYLES STANDISH BOULEVARD  SUITE 103,TAUNTON,MA,027807340,41.948930849999996,-71.14141318475193,9,0
483b1259-ab87-341b-b980-efe69ad4a17a,9a9bf61e-44d3-32fd-a027-7138369b1716,Eldridge510 Weissnat378,M,GENERAL PRACTICE,194 ROCKDALE AVE,WEYMOUTH,MA,021882519,42.2212188,-70.9391625,8,0
37663c0f-93a3-3562-8805-c0c1e3bb4420,f945589f-88aa-366b-9e9d-2418d091112d,Ulysses632 Ziemann98,M,GENERAL PRACTICE,105 ERDMAN WAY,LEOMINSTER,MA,014531805,42.54685255,-71.75737313871981,144,0
c2f34ea0-e705-3c1e-8ff2-4708ad22b0ab,dd913783-9448-36f9-816d-37199011617b,Murray856 Corkery305,M,GENERAL PRACTICE,7 HARVARD ST STE 220,BROOKLINE,MA,024457979,42.333476142857144,-71.11868571428572,16,0
834ed749-2ee2-3d61-bcee-fc4403da89ff,775df862-d2d1-3a68-9814-043f6aa6ea66,Kimberlee228 Barrows492,F,GENERAL PRACTICE,770 CONVERSE ST,LONGMEADOW,MA,011061719,42.0639853,-72.5521444,1,0
9ef95cd4-2c9d-309a-8d34-56d228db9225,fe675917-7b09-3afd-a6e6-128cc4de4734,Chery887 Kohler843,F,GENERAL PRACTICE,319A ALLSTON STREET,BRIGHTON,MA,021357652,42.345093,-71.139804,7,0
1931fbda-91ce-33e5-baa4-c3d1be6394fc,bdc3ee76-9cf3-316d-b202-a8da1ea3fa20,Laverna97 Rippin620,F,GENERAL PRACTICE,130 RUMFORD AVENUE  SUITE 211,AUBURNDALE,MA,024661370,42.35853505,-71.24125521214887,28,0
6423a02f-0afa-3910-99b3-aa4698328764,8447e2c7-df8d-3e1f-9d88-b67dcca2bcb6,Tristan353 Baumbach677,M,GENERAL PRACTICE,22 HILLSIDE AVE,GROTON,MA,014501284,42.61232115,-71.5798529093222,1,0
38bcff48-7dcf-3fe3-ae6e-0f980b4664db,5d4da50c-8593-304f-b266-57d8f7d634a2,Danette111 Klein929,F,GENERAL PRACTICE,250 SHEARER ST,PALMER,MA,010691428,42.168634600000004,-72.33353526811578,5,0
ccd0982b-351a-3ac6-b6d8-b4e52d582d47,7f08f09e-c5f7-38cd-83ba-ddafedd88a13,Shayne60 Pacocha935,M,GENERAL PRACTICE,133 SALEM ST,REVERE,MA,021511114,42.43833805,-71.01730877599738,1,0
6d60927d-2d5b-38c1-93a6-5d79ba2ad269,8f0ec876-22d3-3986-892e-4c2052d0fffa,Simone657 Harris789,F,GENERAL PRACTICE,94 SUMMER ST,FITCHBURG,MA,014205761,42.57835885,-71.78584786190521,1,0
babf7104-7528-37b8-a699-4b40958df52c,643eac8e-1620-3b6a-b9f3-664b003d22cd,Lasonya941 Kiehn525,F,GENERAL PRACTICE,34 GIFFORD ST,NEW BEDFORD,MA,027442610,41.6177929,-70.91890087055067,142,0
21143f77-901d-3659-985d-ca5adbf4253b,8e3ca57f-6f74-3d61-9803-ab1424290216,Humberto482 Mann644,M,GENERAL PRACTICE,89 MORTON STREET,ANDOVER,MA,018102036,42.6551409,-71.12857340697036,1,0
4afb9391-484c-3bf6-886a-cb1c9a13a17c,5fcff9db-16e4-3e56-aa78-abbc16338097,Margene509 Schamberger479,F,GENERAL PRACTICE,295 VARNUM AVE,WESTFORD,MA,018863513,42.5792583,-71.4378411,622,0
44c6e906-a862-36bf-acd0-76108ca561ff,fa09396a-2926-3b21-ad0c-9f6cabbce0eb,Óscar156 Zaragoza109,M,GENERAL PRACTICE,1210 BOSTON PROVIDENCE TPKE,NORWOOD,MA,020625061,42.1714075,-71.1951186,49,0
1dc3737b-9065-36e9-ba46-d14176d2e9d9,40c01d75-1542-3e0b-8e5f-78d3031beba1,Broderick767 Reynolds644,M,GENERAL PRACTICE,505 PARADISE RD,SALEM,MA,019704267,42.485927,-70.900301,133,0
233c6d3a-1ee2-39e4-b5c3-d01f7cb8362e,84abfbd5-41c1-3df4-9b31-7ca93cb2309a,Cole117 Block661,M,GENERAL PRACTICE,85 HERRICK ST,BEVERLY,MA,019151790,42.56415055,-70.8751357650672,126,0
193bd04b-a861-3593-a275-5a50e0fdf402,1ddd51d1-7297-3c3b-bad5-98aecd5e4a79,Derrick232 Kub800,M,GENERAL PRACTICE,127 CAMBRIDGE STREET  SUTIE #2B,BURLINGTON,MA,018033735,42.50188325,-71.19559351572005,67,0
f3318f81-0819-3c46-843d-f2a1a94decd3,93c3d861-e05d-33b9-91eb-1768470229d7,Garret233 Thiel172,M,GENERAL PRACTICE,10 CENTENNIAL DR,PEABODY,MA,019607938,42.5261827,-70.9529896,24,0
73922186-6a2a-3594-8924-b5c9b2d1bfba,2e1eaaf1-ebb0-332c-8921-f48e15b91879,Delmer311 Nolan344,M,GENERAL PRACTICE,2 SEAPORT DRIVE,QUINCY,MA,021711599,42.29287335,-71.03019020136307,53,0
eae21ea1-b18f-36ba-81cd-ca05eb9c6fe5,c272e12f-e154-3fee-b05d-b7c0cab2657d,Shasta644 King743,F,GENERAL PRACTICE,800 WASHINGTON ST,NORWOOD,MA,020623487,42.1886973,-71.2005241,264,0
f9e2308d-1573-34a8-954a-192c5f940c52,7aaea79a-9ade-3982-a318-0a1613b9db55,Keira502 Koelpin146,F,GENERAL PRACTICE,89 LEWIS BAY RD UNIT 4,HYANNIS,MA,026015240,41.6534847,-70.2823732,87,0
b9400cdf-ad44-327b-86a6-fa326d569f99,ca1c0a76-f601-3a1c-a448-689cd3d56bb1,Livia401 Rippin620,F,GENERAL PRACTICE,96 FOREST STREET,PEABODY,MA,019603907,42.528469349999995,-70.95557442492182,13,0
95649f28-8de4-3f64-b51d-9bd870987e6a,b66db758-a205-3227-9cfb-bf19d2c1962d,Jamal145 Stroman228,M,GENERAL PRACTICE,121 HARVARD AVENUE  2ND FL,ALLSTON,MA,021342702,42.35241825,-71.13220132573996,22,0
a860cfb9-86ce-33d7-aa7d-8f668ace875e,b99b7849-2b53-33fb-8ce2-e3a95f17ae51,Diego848 Pouros728,M,GENERAL PRACTICE,910 BOSTON POST ROAD SUITE 320,MARLBOROUGH,MA,017523761,42.355106,-71.47654,4,0
25b17a48-1513-3f3a-bf2c-0231a31f8ac9,e49b692f-cccc-3cd5-93df-6db63dfc3e4a,Marlen929 Lemke654,F,GENERAL PRACTICE,1250 HANCOCK ST STE 104N,QUINCY,MA,02169,42.2517569,-71.0033967,48,0
39ca3254-3e11-3e7d-a76a-ab219515ab4b,f549a720-814b-3dc6-ae77-6376a22564ee,Perry780 Prosacco716,M,GENERAL PRACTICE,209 COUNTY RD,NORTH FALMOUTH,MA,02556,41.6459404,-70.6183639,2,0
ca646df0-daf1-3793-b11c-01093c602f98,32fcdfba-8c93-30f4-b15b-dd3b65c29deb,Jody426 Bernhard322,M,GENERAL PRACTICE,20 NORTH MAPLE STREET,HADLEY,MA,010359715,42.3615107,-72.55261320852942,100,0
2d963b21-571e-34ae-9344-63843f7c0112,0ddb0329-b59d-3187-874c-602c649249c8,Eldon28 Cassin499,M,GENERAL PRACTICE,115 W SILVER ST,WESTFIELD,MA,010853678,42.1178811,-72.75935246865802,858,0
04cf42c3-c96f-3d93-8b96-6079e9755270,1e3ca321-fbbb-3546-b9ea-c3761a20324a,Noe500 Howe413,M,GENERAL PRACTICE,605 Lincoln Street,Worcester,MA,01605,42.297756,-71.766815,163,0
084c0748-5f3c-36f1-b394-fa008cd940c6,2cf06ddc-4c55-3c91-98f1-fb0188079c27,Alena861 Rolfson709,F,GENERAL PRACTICE,10 VETERANS MEMORIAL DRIVE,MILFORD,MA,017572900,42.14682295,-71.50153080894427,6,0
63fe3308-f570-3946-87d6-03aa87467e8b,02c936e2-3aee-38b2-88a4-81f3689b7bb7,Royce974 Kohler843,F,GENERAL PRACTICE,120 FISHER AVENUE,BOSTON,MA,021203320,42.3276141,-71.1051603,196,0
57a8700b-3d90-30c9-9729-e2fcdc32d835,609ec9f1-e806-3427-b912-9e3b2915521d,Cherrie404 Conn188,F,GENERAL PRACTICE,575 BEECH STREET,HOLYOKE,MA,010406604,42.20105435,-72.628169560868,12,0
f486cee6-ea4a-3fb3-b73d-8fde887d4f49,5fa5e611-be3d-3ebb-8f71-124325f6005f,Rachele486 Nikolaus26,F,GENERAL PRACTICE,480 ROUTE 6A,EAST SANDWICH,MA,025371438,41.742172,-70.45251,42,0
f8afd8d0-29ec-39f8-9b76-45fd02394519,bff65303-97b4-3841-950a-1c9e9e735de0,Omar359 Schimmel440,M,GENERAL PRACTICE,100 AMITY ST,FALL RIVER,MA,027212202,41.6737661,-71.16934217317342,1,0
eb2395cc-5566-325c-b9bd-a2fc814af393,bf556284-7513-3620-a10e-5393183a9a87,Tabatha105 Roob72,F,GENERAL PRACTICE,795 MIDDLE ST,FALL RIVER,MA,027211733,41.6924092,-71.16345107025307,598,0
f6d9e78e-3d2b-3ee9-b627-61cadb668bc5,e93b27a8-6507-3595-84a5-f899ce23a72d,Faustino767 Sanford861,M,GENERAL PRACTICE,70 EAST STREET,NORTH ANDOVER,MA,018456144,42.6839894,-71.1127065,133,0
545861e5-0f58-34fe-8d9a-37cb1df73c8a,6a21521e-d3c1-3ba8-a7ae-453b5a930285,Wilmer32 Klocko335,M,GENERAL PRACTICE,168 INDUSTRIAL DR,NORTHAMPTON,MA,010602379,42.335726,-72.63284732269418,3,0
eaf03a14-662b-3787-a245-40e2dd2268fc,2b84e56e-08b4-3078-b3ea-4d159208e065,Barton704 Bahringer146,M,GENERAL PRACTICE,1029 PLEASANT ST,BRIDGEWATER,MA,023242301,41.9718173,-71.00937893001648,149,0
4e5b4b75-328d-3f93-82ec-1117d27dee85,05137a62-1a8f-34ff-8baf-a0c35c238ea0,Colleen54 Olson653,F,GENERAL PRACTICE,750  ATTUCKS LANE,HYANNIS,MA,026011950,41.676027500000004,-70.29727035,7,0
a25ac555-e4fe-363a-a242-48fd0086b987,7b9a19b2-d900-3f93-a47b-4b88491fb57b,Tommy814 Witting912,F,GENERAL PRACTICE,308 KINGSTOWN WAY,DUXBURY,MA,023324647,42.030389650000004,-70.73959947632582,3,0
0ca782f6-7c2d-3e6d-a204-6b849f1600be,4ffa4412-1493-3beb-b8f0-6614dde953a4,Harland508 Ryan260,M,GENERAL PRACTICE,363 HIGHLAND AVENUE,WAREHAM,MA,025715011,41.745636,-70.658192,1566,0
d15d3779-5863-3f82-9165-abb8551032c0,ede4a423-6258-3ef5-b5ba-0fa6bb579563,Pablo44 Paucek755,M,GENERAL PRACTICE,326 NICHOLS ROAD,FITCHBURG,MA,014205478,42.5974358,-71.80761197366103,169,0
759cc9ca-0e2e-35b7-80d2-7f59a7c226dd,a14e698d-a9ba-3eae-9c8b-682ec726433d,Brian582 Cummerata161,M,GENERAL PRACTICE,776 WESTERN AVE,LYNN,MA,019052408,42.466763,-70.9494939,631,0
41a0306e-7f9d-329c-8a2a-172e6d60d724,69eae27b-7445-3652-bd34-b535abe0b011,Sidney996 Schneider199,M,GENERAL PRACTICE,9 BICKNELL ST,QUINCY,MA,021696003,42.252227399999995,-70.96584679278924,26,0
3bc577f8-423c-32b6-848d-a46a083d321c,dd9914b0-9491-3330-a890-d34e95e497ea,Assunta351 Haley279,F,GENERAL PRACTICE,1061 PLEASANT ST,NEW BEDFORD,MA,027406728,41.64280275,-70.92865004309593,271,0
310b4012-91c6-3c3a-ba9c-65222e746209,c3a898a1-c269-39b4-80d7-accb96a03bbc,Brock407 Friesen796,M,GENERAL PRACTICE,32 CHESTNUT ST,EAST LONGMEADOW,MA,010282803,42.0532618,-72.50214900582449,1,0
e85af2ef-9a8a-3de8-981d-c739116b56e3,d4b9a3f0-210d-3e46-a2c7-e099658ac543,Mariana775 Delarosa409,F,GENERAL PRACTICE,7000 GREAT MEADOW ROAD,DEDHAM,MA,020264090,42.266408549999994,-71.19518435636284,9,0
3093ef70-0154-3b54-bb7b-df7d2cdf90e9,7f26da64-69ab-3db4-b285-c48c9836a653,Frances376 Hansen121,F,GENERAL PRACTICE,500 WENTWORTH AVE,LOWELL,MA,018524937,42.631409,-71.283668,2,0
5068a34b-7503-341e-a2b9-29460e29c4a7,a247ed53-5f17-3eb5-87be-1d2257fa1579,Kayleigh718 Weissnat378,F,GENERAL PRACTICE,44 KEYSTONE DR,LEOMINSTER,MA,014531904,42.55144955,-71.74402465363428,1,0
6760f27c-e871-37d3-b083-b463d7c8a575,4c1a8ea6-b690-3c28-a02e-ebd82190ee65,Hui924 Cronin387,F,GENERAL PRACTICE,885 WASHINGTON ST,BOSTON,MA,021111415,42.3479909,-71.064924,137,0
74d3de13-f90e-3946-9f43-877d5ade114a,a7147477-c4dd-3018-b921-2707d7e098ee,Chrystal576 Kreiger457,F,GENERAL PRACTICE,164 PARKINGWAY,QUINCY,MA,021695020,42.245070088637796,-71.00313070924581,2,0
f342211c-49a6-3823-80c2-bc4826003277,5ba6765a-f335-36b0-9c6a-6bb494c5330d,Clemente531 Schamberger479,M,GENERAL PRACTICE,31 OLD ROUTE 7,WESTWOOD,MA,020902333,42.2139873,-71.2244987,53,0
ff1e599a-53a5-3ff6-a283-0b77f899c2d3,b6eeaaf7-1683-3bcb-b6ee-81ce304636ef,Ariane992 Pagac496,F,GENERAL PRACTICE,170 GOVERNORS AVE,MELROSE,MA,021763225,42.4564323,-71.064182,2157,0
659786cc-302f-3e1f-b8a9-45b0ad339469,1c42af32-f17e-32ec-b007-4ff8e2de493e,Sherman440 Wunsch504,M,GENERAL PRACTICE,235 NORTH PEARL STREET,STOUGHTON,MA,020723396,42.1004556,-71.0668392,214,0
7639cba6-ae37-3375-8b1c-e16408315203,ed5fc1f7-0ecb-3973-a5fc-89f80c6f5c9f,Theo630 Homenick806,M,GENERAL PRACTICE,303 C HAVERHILL STREET,ROWLEY,MA,019692101,42.704962,-70.90837,28,0
8c556d94-ee92-3cb1-b17c-0c92f9ecce2e,65eda534-1bdc-3192-8d02-1c3764447790,Shanell37 Hand679,F,GENERAL PRACTICE,1244 BOYLSTON ST,CHESTNUT HILL,MA,024672115,42.3214927,-71.1711481,174,0
ffa6d30a-fbbd-3a91-8366-5f969c6c6435,d613e441-68e8-3502-8adb-3f770a1276bf,Emmaline88 Witting912,F,GENERAL PRACTICE,114 WATER ST,MILFORD,MA,017573007,42.13661855,-71.53474614336832,336,0
b2249e5f-f053-3cda-913f-224038ed0060,6c064003-fa5a-38a5-b48c-36c5a9643e2b,Corey514 Franecki195,M,GENERAL PRACTICE,2343 WASHINGTON ST,ROXBURY,MA,021193200,42.329843,-71.084608,24,0
2849f8ee-1faf-3065-8db4-d7a37da61bf1,de29a374-221b-3cb4-8051-a02c1a35e5b7,Gwyneth692 Marvin195,F,GENERAL PRACTICE,562 WASHINGTON ST,SOUTH ATTLEBORO,MA,027036942,41.912892049999996,-71.36135809627689,308,0
1715932b-54d3-3c0a-ac4c-1abe61d9c668,b03b624d-c939-3688-986d-9555b8009a3b,Trinity427 Hartmann983,F,GENERAL PRACTICE,230 MAPLE ST,HOLYOKE,MA,010405144,42.207406,-72.608419,152,0
3c198016-08d5-3b92-a0ef-fe67fbe3881d,ff6d901b-6850-378b-87d0-97a8c499aa43,Lisha487 Ferry570,F,GENERAL PRACTICE,935 WASHINGTON ST,NORWOOD,MA,020623411,42.18396765,-71.2037844209652,72,0
52ff0cda-af6c-30e4-bd36-c563c8bb3fc6,ea153d0a-9ccc-3769-9a25-934b417071b7,Adam631 Towne435,M,GENERAL PRACTICE,463 WORCESTER RD,FRAMINGHAM,MA,017015354,42.3095704,-71.4413097,225,0
23580caf-f8d6-32dd-9108-6eac98c1c987,d3085315-9893-34c7-8889-3a31dc17c2b0,Zachery872 Rau926,M,GENERAL PRACTICE,1428 MAIN ST STE 7,WALPOLE,MA,020811729,42.1325911,-71.2618886,114,0
39f46f48-c989-30cd-b7a0-de95785caa50,ace1ac31-036a-38fd-b451-b3b87157c717,Alejandra902 Thompson596,F,GENERAL PRACTICE,170 MORTON ST,BOSTON,MA,021303735,42.299067750000006,-71.10124351911541,29,0
96f06ef3-9e4d-3d44-86eb-17f34bb114f2,469171e3-f6ec-3258-8e16-7038f6a439c0,Mireille557 Brakus656,F,GENERAL PRACTICE,COUNTRYSIDE DRIVE,MILFORD,MA,017571252,42.1413353,-71.5192019,23,0
821a9479-acf8-39fe-a58a-5afc6c7b8b0d,18061fd5-fda8-3e2d-87f0-0f3c87211bcc,Margarite168 Koepp521,F,GENERAL PRACTICE,1493 CAMBRIDGE ST,SOMERVILLE,MA,021431408,42.3875968,-71.0994968,442,0
48035708-bf9e-3830-bc87-200cc8bb5727,1faab3d1-2ae5-3110-8e5f-c65b92ca906d,Ernesto186 Méndez913,M,GENERAL PRACTICE,29 LEWIS AVE,GREAT BARRINGTON,MA,012301713,42.19093125,-73.3715000043024,44,0
45878969-2e05-3747-b21c-8014baf82a61,c64c848c-0315-3115-87fa-80c360bb6a73,Mitchel812 Zieme486,M,GENERAL PRACTICE,142 BERKELEY ST,BOSTON,MA,021164608,42.3489076,-71.0721378,39,0
73fe61b6-4a5a-3caa-9e72-d61e5d3272d7,76281d34-caff-30e0-8545-bcdf33182109,Jane262 Schmeler639,F,GENERAL PRACTICE,500 WILBUR AVENUE,SOMERSET,MA,027252051,41.72075205,-71.16843052114558,97,0
fca978d4-1c9f-31f6-962c-8eb1bcf72177,4633340c-c833-30a3-ab0e-f5cfa5fda28b,Lincoln623 Trantow673,M,GENERAL PRACTICE,250 GREEN ST,GARDNER,MA,014401377,42.586896550000006,-71.98672640006858,103,0
5e689de8-5db9-3373-b7af-156bcb716054,7e97f720-f99d-3402-98a4-a144aaa5bd01,Damian46 Hansen121,M,GENERAL PRACTICE,210 JONES RD,FALMOUTH,MA,025402974,41.5614958,-70.6117407224321,247,0
185e5d06-74d5-3e2e-841c-b871fe6fb6a4,b3ada130-6443-3a8e-98c7-4ec127a2b0c4,Ned189 Haley279,M,GENERAL PRACTICE,ONE GREAT ROAD,ACTON,MA,017205601,42.4850931,-71.43284,69,0
c0a5f510-2ad1-3f19-b689-1f7eadc46a12,a36dcb53-a762-38d4-ae84-40f46195a6dd,Virgina372 Reilly981,F,GENERAL PRACTICE,260 EASTHAMPTON ROAD,HOLYOKE,MA,010401213,42.226424,-72.646798,1,0
b693b896-fec7-3988-9663-f5211faa84c4,811cc811-0061-341c-a719-9ba7ef8dc699,Amalia471 Henríquez109,F,GENERAL PRACTICE,245 VINEYARD HAVEN-EDGARTOWN ROAD,EDGARTOWN,MA,025396941,41.395500350000006,-70.5300948008162,87,0
8f0d5cdd-f354-3d03-b461-8ec55fa4ead0,d17688c1-9cc8-3e68-980f-82fe1ed685fe,Eleonore965 Robel940,F,GENERAL PRACTICE,100 TEATICKET HWY,TEATICKET,MA,025365678,41.56361395,-70.59806084770075,76,0
8d3e98d7-ea57-3d32-8313-5e736c818b9d,7489f6e0-fee6-3fff-90b6-444868eb907c,Kasey569 Rau926,M,GENERAL PRACTICE,1 KIDDIE DRIVE  SUITE 106,AVON,MA,023221182,42.130150349999994,-71.05720685110387,24,0
c74abbfd-f063-3319-87a8-365ad38f929e,084b19be-a78e-3626-b156-a50134fa7fe2,James276 Smitham825,M,GENERAL PRACTICE,10 RESEARCH PL STE 202,NORTH CHELMSFORD,MA,018632439,42.6389798,-71.3828403,71,0
276d6200-512e-3c49-ab15-01d434e2b929,06f1d816-dd54-3409-bd94-8dc2745f807c,Yulanda554 Hand679,F,GENERAL PRACTICE,12 KENT WAY  SUITE 210,BYFIELD,MA,019221221,42.75468625,-70.9451078257969,61,0
e2ab61ed-d5ba-34af-ba19-5b1e357c7b26,acffdfa8-1383-3929-8c99-e73969491439,Warren653 O'Keefe54,M,GENERAL PRACTICE,1153 CENTRE ST,BOSTON,MA,021303446,42.3017598,-71.12855793387442,726,0
915f596c-b500-3519-bd62-b1a441af790a,e6c2cb55-ff8b-34be-bf04-bcc49ea71557,Lawerence6 Welch179,M,GENERAL PRACTICE,217 LINCOLN ST,WINTHROP,MA,021523034,42.37949545,-70.98409828217132,25,0
a8487c38-9932-3d5d-94e3-27fa0202ee90,545dcda5-7471-374e-9251-b4b685197d3c,Teodoro374 Koss676,M,GENERAL PRACTICE,175 CONNORS STREET,GARDNER,MA,014402637,42.5730593,-71.99713285,33,0
617b8b18-87b5-31e7-83e9-6b6fa98551f8,43e33b67-64ac-3314-99ee-114fb2b56b80,Vera718 Cummerata161,F,GENERAL PRACTICE,200 HILLSIDE CIRCLE  SUITE 2,WEST SPRINGFIELD,MA,010894681,42.105237,-72.6213712,24,0
a0392842-a8d3-308c-b369-a662f7280117,1e11392b-1278-3e70-93cd-f396cbd0c265,Gino587 Block661,M,GENERAL PRACTICE,115 LINCOLN ST,NATICK,MA,017607700,42.2843753,-71.3441395,1712,0
e5ed1c91-9763-3b3d-a133-5688ab4f7e3b,fe30f2b4-9bc8-346e-afba-4455d1766545,Wilson960 Turner526,M,GENERAL PRACTICE,17 LAFAYETTE AVENUE,CHELSEA,MA,021502010,42.40019115,-71.03050082480353,82,0
c1fa2bd1-7e42-316c-902e-9219269588ff,00fde0ed-5951-3b9f-8413-0f25f85a8d4f,Elmo857 Hodkiewicz467,M,GENERAL PRACTICE,81 OLD COLONY WAY STE D,ORLEANS,MA,026533278,41.78403385,-70.00060868097228,133,0
8ccc5f6f-8d75-3d20-a528-86186c772fb3,6cf8a214-8d57-3267-85e5-7719e15cd63e,Cindie288 Zulauf375,F,GENERAL PRACTICE,170 MORTON STREET,JAMAICA PLAIN,MA,021303735,42.299067750000006,-71.10124351911541,1473,0
506c715f-3291-34a4-9bc8-012e825765f6,13161e5b-02d2-3d19-8b48-26ef0becfc83,Erasmo545 Crooks415,M,GENERAL PRACTICE,165 CAPTAIN'S ROW,CHELSEA,MA,021504019,42.3917638,-71.0328284,23,0
e334d655-e4bc-3fd4-98c4-3ca92dd0e429,4bc0cc09-77e5-37f5-844d-64a6637cae54,Carlena776 Feil794,F,GENERAL PRACTICE,91 EAST MOUNTAIN ROAD,WESTFIELD,MA,010851801,42.110743549999995,-72.70066160206358,362,0
f7d47e6d-c748-35a7-9d5b-29a1270d2d6c,b4e81d20-a3d6-39db-8b04-bcc4ab5de7b2,Carri827 Flatley871,F,GENERAL PRACTICE,354 WAVERLY ST,FRAMINGHAM,MA,017027079,42.276938650000005,-71.41386787587439,62,0
d602c37d-e360-37b4-acd7-f5e055d5056b,3c6efeb4-3e73-3d5a-9d45-8fbf9f389bed,Wilfredo622 O'Kon634,M,GENERAL PRACTICE,40 WASHINGTON STREET SUITE 110,WELLESLEY HILLS,MA,024811802,42.2925555,-71.2956739,9,0
60b36ce2-ad31-3afb-a91a-3a57e24e634a,0fedae9f-701f-3317-9b2f-69aea2202cdc,Willian804 Batz141,M,GENERAL PRACTICE,88 EAST NEWTON STREET,WINTHROP,MA,021522715,42.3750976,-70.982827,4787,0
3b41a5c1-b8fc-3d40-8330-88aefefa524d,9043e647-568d-3e87-9fc0-756a416392d3,Deandre599 Hartmann983,M,GENERAL PRACTICE,27 CENTENNIAL DR,PEABODY,MA,01960,42.52388415,-70.9519832,48,0
cb3f02fa-3eb0-3348-a46b-f2a6e66cfa7f,0cc04ba5-137a-3ef8-acda-e79b25960b2a,Fallon874 Homenick806,F,GENERAL PRACTICE,25 ADAMS ROAD,WILLIAMSTOWN,MA,012672928,42.7009605,-73.18515951851253,2,0
6554c162-edd7-32fc-8d79-09e9947f9373,ccb716b1-277f-3eff-999f-3ac0df45713a,Mahalia897 Boehm581,F,GENERAL PRACTICE,25 LAFAYETTE ST,MARBLEHEAD,MA,019451939,42.4938348,-70.87382362834484,4,0
acf58785-6fbe-3347-b680-3070a16f9fe1,733fc7d0-7cf3-3995-82ef-a9883b807273,Melissa844 Yundt842,F,GENERAL PRACTICE,175 FRANKLIN STREET,NORTH ADAMS,MA,012472712,42.70707,-73.10094536747326,46,0
f714cb61-1b04-3bda-bbc7-3d95c8126959,86bbc3aa-e927-3d56-9d77-ab701b4b2926,Lucien408 Howe413,M,GENERAL PRACTICE,538 ROBESON STREET,FALL RIVER,MA,027205496,41.707225,-71.1432141111111,17,0
edc61416-1687-3ad6-ad7a-5e53daed28ac,9ab139f5-d278-31b4-b44e-feffdea65613,Luis923 Cepeda588,M,GENERAL PRACTICE,88 ROUTE 6A 101,SANDWICH,MA,025631866,41.764922,-70.502215,17,0
d71b6af0-43dc-3f79-8920-e8179b044cdc,21fa25b9-6842-3a3c-bef2-2eb383ad525e,Amalia471 Pizarro791,F,GENERAL PRACTICE,180 LOW ST,NEWBURYPORT,MA,019503519,42.815683050000004,-70.89666045994463,5,0
fd6d3438-e09f-3e10-a357-0dacfcb3f9e3,4b7c1695-a178-3e03-8651-51acfd3b8372,Juan88 O'Keefe54,M,GENERAL PRACTICE,600 OLD SOMERSET AVE,NORTH DIGHTON,MA,027641824,41.86399,-71.1244904,228,0
90bc634d-3524-364c-97ba-e134c8b3c9d9,5c2e4b0c-fb84-3f95-bbec-a96c18600bf5,Earleen680 Schneider199,F,GENERAL PRACTICE,61 COOPER ST,AGAWAM,MA,010012149,42.0804485,-72.61914987322373,1,0
9f71695c-c894-32f5-bbc7-0ba71b55a1db,a3327df4-d092-350b-b551-e60c82076c9a,King743 Predovic534,M,GENERAL PRACTICE,46 NORTH MAIN ST,W BROOKFIELD,MA,015853232,42.23754835,-72.13791547215251,207,0
0cc1f7cd-c204-30c5-8606-dd6b2a07e344,0b5f4cda-f9ae-36a8-a94c-ffbf56f45236,Guadalupe206 Hodkiewicz467,M,GENERAL PRACTICE,210 MARKET ST,NORTH ANDOVER,MA,018451656,42.6839894,-71.1127065,5,0
da635ee3-e97e-3793-ba2b-4bde076d1355,aade280a-3b90-3e48-9648-91109a964a63,Johna806 Klein929,F,GENERAL PRACTICE,909 SUMNER ST,DARTMOUTH,MA,027473826,41.6332267,-70.9879928,1572,0
c65b990c-75ac-3c39-945f-97cdaa365980,6adc9d34-9b73-3285-abb7-56e567f1ba26,Keven605 Wunsch504,M,GENERAL PRACTICE,271 NAHANT RD,NAHANT,MA,019081341,42.42554385,-70.91995214383596,3,0
f4c10697-ec97-3a6d-8d61-9fd03d3ccb08,18764c6a-31fe-391c-80ac-6a5b761e06d6,Eleonor544 Doyle959,F,GENERAL PRACTICE,19 OBERY ST,PLYMOUTH,MA,023602129,41.94456995,-70.64966444737888,1,0
d4be6e0f-11ff-3588-aed4-fb7628a07385,df3ffcde-b9eb-3965-acdf-f56a6d1424c4,Magali989 Brakus656,F,GENERAL PRACTICE,1 ARSENAL MARKET PL,WAYLAND,MA,017781840,42.3632063,-71.3606721,4,0
4ae38a9f-a879-35f5-8008-b8e8df66a01a,981338c4-287c-3621-bc45-8b0b9f1b8922,Esteban536 Caraballo427,M,GENERAL PRACTICE,640 BOLTON ST,MARLBOROUGH,MA,017523999,42.3658183,-71.55914630258509,153,0
476ef227-7f49-36bf-840f-0c31d1833b6d,96e9e829-0b71-3ad3-8b41-60e25b5d47d7,Doyle959 Crooks415,M,GENERAL PRACTICE,111 ORIENT AVE,EAST BOSTON,MA,021281006,42.39055278090538,-71.00587148689957,7,0
793bb9f0-bbd7-33b9-80f7-2eb5b0a2d54b,e59fb2d5-508c-38c6-af2e-21d8216dd2b0,Nicholle822 Fisher429,F,GENERAL PRACTICE,759 CHESTNUT ST,WARE,MA,010821625,42.256476,-72.237482,766,0
3fee75b5-7ed8-3c3b-a27d-6f74d52a5dc7,7a3b8310-02eb-3c47-aa1b-3f55b3ed9de9,Leif534 Dare640,M,GENERAL PRACTICE,6 HATFIELD ST,NORTHAMPTON,MA,010602545,42.333172950000005,-72.6566355591273,77,0
b08fcaad-6a39-311b-bc78-6555dace908c,84de2bcf-1b1a-3ce2-9f6d-9e0cb34991f6,Margery365 Rippin620,F,GENERAL PRACTICE,45 DAN RD,WELLESLEY,MA,024813503,42.2964859,-71.2925571,38,0
ff5d2918-ce2a-3f20-8f5e-d74eb29e8f3a,ecadbc11-930c-3903-b706-f8ef4bc9089e,Marco Antonio298 Terrazas956,M,GENERAL PRACTICE,780 CHESTNUT ST,SPRINGFIELD,MA,011031109,42.1211633,-72.60614164702717,188,0
d29259eb-af01-323c-b194-5bf1fd692cb1,0f9d1260-db33-3483-b2b6-5483cfcb739c,Emilia403 Rendón540,F,GENERAL PRACTICE,361 WOODWARD ST,WABAN,MA,024682027,42.326011949999994,-71.2254251580706,47,0
499e11fb-7792-3bd4-8d8a-3bea3455be75,ad007cc5-a3df-3aa7-886d-5123ab59d189,Antoine384 Maggio310,M,GENERAL PRACTICE,85 N WASHINGTON ST,NORTH ATTLEBORO,MA,027601634,41.98443775,-71.33190349847027,4,0
dfd96d76-bf87-3d66-96a2-0ab2bfa4c31f,4423a3d7-46d2-3713-bf15-197f9e0fabf5,Tyson541 Hettinger594,M,GENERAL PRACTICE,67 HUNT ST,PITTSFIELD,MA,012015117,42.451302,-73.260018,8,0
81d16521-06a9-3185-86f6-d92decf81f79,980d9bfa-a344-3bff-8c02-232dd0e8fd34,Waylon572 Lakin515,M,GENERAL PRACTICE,100 TRADE CENTER SUITE G-700,WOBURN,MA,018011851,42.4792618,-71.1522766,185,0
f07802bb-abca-3103-bd71-35275d44c441,f480acd0-7ef1-350d-aae6-d8e7d53ace57,Gil594 Ondricka197,M,GENERAL PRACTICE,1193 SEA ST,QUINCY,MA,021693544,42.26883395,-70.95264075087945,194,0
afdcc25c-ebd5-36e7-a1f2-ae3770a665a1,794b1cc2-97be-30a4-83a0-4bf6add43c74,Lillia547 Gutmann970,F,GENERAL PRACTICE,215 THATCHER STREET,BROCKTON,MA,023023949,42.0740963,-70.99660306096918,18,0
5ca46220-6eb4-3809-b2ed-610302973db7,440fa4b8-c731-3cf5-81d9-aa3f30a37b95,Joanna347 Abbott774,F,GENERAL PRACTICE,41 & 45 MALL ROAD,PEABODY,MA,019602901,42.5278731,-70.9286609,1622,0
c2c2c47d-fe10-3347-abd2-d436211b3bd0,a1434ca1-a1ac-3884-abc7-fc4c35cc8b68,Guillermo498 Dietrich576,M,GENERAL PRACTICE,390 ORLEANS ROAD,NORTH CHATHAM,MA,026501154,41.700306363636365,-69.96549390909091,57,0
1a9b59b4-dedc-3bf6-9bae-21aaa16e69f6,0fab3c4e-a028-39a6-b15a-be5a88b6aa2a,Miyoko154 Paucek755,F,GENERAL PRACTICE,222 STATE STREET,LUDLOW,MA,010563437,42.15547415,-72.47222226666076,1770,0
0bfd5a3d-e3a4-3c9b-8e41-c8cd88e15f4f,b0016371-afcb-37a6-8f90-5e3786e7806f,Claudio955 Toy286,M,GENERAL PRACTICE,629 SALISBURY ST,WORCESTER,MA,016091120,42.2932691,-71.8390048,2,0
39b90267-2cac-364e-8dd7-999ddd616dc8,3b021cb6-4745-3d9d-8436-230055f770bd,Eleni953 Franecki195,F,GENERAL PRACTICE,148 CHESTNUT ST,NEEDHAM,MA,024943238,42.27728075,-71.23665362814043,856,0
d1d2ff91-7ba8-3551-8c29-8f3a1848fd93,7b95b4ab-5bb6-3abc-b0e5-02689f84228d,Philip822 Beatty507,M,GENERAL PRACTICE,20 POND MEADOW DR,READING,MA,018673261,42.516645499999996,-71.09917578750729,33,0
08d80c05-d42d-30d3-ab75-5ae2c0742675,86880e58-8753-3c63-b057-33781df70528,Glenn0 Keeling57,F,GENERAL PRACTICE,49 SAMOSET AVE,HULL,MA,020452512,42.2810432,-70.8703157542509,71,0
e04b1b77-34a8-34e2-a8f3-a8b0329aed1f,aaa7ebaf-b1a0-38c1-ba89-a16712cf431c,Buford910 Halvorson124,M,GENERAL PRACTICE,16 PLEASANT STREET,BRIDGEWATER,MA,023242420,41.98625885,-70.97978204646246,21,0
8ba43a30-d36c-3c71-a397-51fd6be60639,ab074997-79db-3114-b6ac-5c21cda8ee3a,Maryanne663 Abernathy524,F,GENERAL PRACTICE,111 HEADWATERS DR,HARWICH,MA,026451028,41.705945549999996,-70.08904355,2,0
ffbee4c3-7727-3263-963e-57d7dfce28cc,ce53c877-0290-390a-b4b4-2462001a1713,Greg949 Hilll811,M,GENERAL PRACTICE,847 ROGERS STREET  SUITE 201,LOWELL,MA,018524345,42.6275246,-71.27673639687623,30,0
d9b060f9-9bef-300d-aef8-ee03ca482839,36705572-6b8a-337d-9d01-be1087ce4650,Lindy582 Corwin846,F,GENERAL PRACTICE,233 WINTHROP ST,TAUNTON,MA,027804428,41.89112605,-71.11254102062864,36,0
0ae84ff8-08dc-3577-b2f0-69190ad3c075,34f0b10a-5e29-31de-a75e-e0bb03c0c0d4,Dierdre747 Leuschke194,F,GENERAL PRACTICE,56 COLPITTS RD,WESTON,MA,024931568,42.36610065,-71.3036759,266,0
bb674f7e-73c8-3976-bdbd-6ccb66cdf140,929d7ec5-3ee7-35ab-a056-91f60788c234,Xuan162 Feest103,F,GENERAL PRACTICE,474 PLEASANT ST,NORWOOD,MA,020624531,42.1816837,-71.19722229999999,17,0
2c03dc61-64e1-3faa-845d-6f647164b69a,e9a24be5-b0a3-3fd2-a606-dd13498024ea,Estella474 O'Hara248,F,GENERAL PRACTICE,85 E MAIN ST STE A,NORTON,MA,027662307,41.971697,-71.17689334021827,37,0
b61a1a0e-cb6e-304b-89ad-c25f3b4719ef,57e4e5fa-d68d-3caa-a5ad-37beb1b51207,Latrina689 White193,F,GENERAL PRACTICE,800 WASHINGTON ST,NORWOOD,MA,020623487,42.1886973,-71.2005241,1685,0
fb1a85cc-98a0-3c36-9d87-7d69027d33bf,2c1eda9d-6d75-3c4e-86f1-d850d4ccfcdf,Hisako109 Moore224,F,GENERAL PRACTICE,238 W MAIN ST,NORTHBOROUGH,MA,015321804,42.31181264999999,-71.65685612428547,1,0
3de7b69c-0667-3b30-8b6a-26ec399065b6,195620ae-835c-3da6-8600-3bd89fe8292d,Major265 Auer97,M,GENERAL PRACTICE,125 OAKLAND ST,WELLESLEY HILLS,MA,024815338,42.308723900000004,-71.26421651568413,5,0
dbd5be5b-1089-3feb-80a3-d04034907899,b20a0fe1-53b3-33fc-8acb-bc9a2df64e57,Michaele314 Schoen8,F,GENERAL PRACTICE,3 PATTERSON ROAD  SUITE 3,SHIRLEY,MA,014642907,42.552462649999995,-71.62383665745185,9,0
d52cd64d-1897-38dd-904d-eaa574720e58,2befa435-3070-3350-a15c-e43ac1e84b24,Dee580 Schuster709,M,GENERAL PRACTICE,575 BEECH STREET,HOLYOKE,MA,010406604,42.20105435,-72.628169560868,57,0
16cb459d-ecd5-3e46-8033-cd949c214f63,00ffb204-07b4-3c72-a678-fa252e6cf86c,Kathlene786 Satterfield305,F,GENERAL PRACTICE,450 BEDFORD ST,LEXINGTON,MA,02420,42.47370735,-71.25090005,505,0
ba3e0d6e-504d-3c72-a1c8-89bea7fd7554,ad82d624-72eb-3c7d-a76d-79f2668d1390,Georgianne697 Howe413,F,GENERAL PRACTICE,3 WOODLAND RD,STONEHAM,MA,021801711,42.452443099999996,-71.08939988105112,386,0
26643946-e0eb-3bf0-8cd5-42e2e34d2629,b8421363-9807-3b16-a146-95336eea5cfb,Cleveland582 Kuphal363,M,GENERAL PRACTICE,30 LOCUST ST,NORTHAMPTON,MA,010602052,42.33032115,-72.65330802608176,2833,0
f31f927c-0c94-358d-b70d-dc9410d777d6,8424b5ec-ba0a-32e9-94ae-a9d397884093,Ileen763 Casper496,F,GENERAL PRACTICE,49 BLANCHARD STREET  SUITE 101,LAWRENCE,MA,018431456,42.69651155,-71.1612176954981,21,0
ed4204cf-254f-3adf-ae55-ece365b51d89,3498e7d3-90fd-366b-bc6a-6f41dad6bae6,Pat3 Bradtke547,M,GENERAL PRACTICE,112 WEST MAIN STREET,NORTHBOROUGH,MA,015321824,42.318559050000005,-71.65097281611972,18,0
b900f1fb-e32d-3139-8e64-681beff93779,37111f41-8bc5-35d3-9cd9-5b447a11ffd1,Ilene33 Greenholt190,F,GENERAL PRACTICE,TEN INGALLS COURT,METHUEN,MA,018443712,42.7262016,-71.1908924,21,0
b89548d9-4c37-3802-ba81-33e8a327e0a9,68ea50ba-275f-3f6c-ad1f-0aefae7144eb,Carletta836 West559,F,GENERAL PRACTICE,25 ARMORY ST,WEST NEWTON,MA,024652110,42.3504314,-71.21988040449209,2,0
93940e5f-abb7-3e08-8aa8-9acf76dcc212,24460683-f514-37ef-98c1-724b2fc9aa2a,Simonne139 Wilderman619,F,GENERAL PRACTICE,60 HODGES AVE,TAUNTON,MA,027803034,41.91158935,-71.10129620180315,145,0
5562f025-0bd9-33a9-abf5-a506730fcbd1,945104f1-4b95-3eed-bd02-5efa0afbf34d,Randolph418 Keebler762,M,GENERAL PRACTICE,20 CENTRAL AVE # 506,LYNN,MA,019011201,42.46410018181818,-70.9465129090909,4,0
d1c4da50-d692-3e6e-ba90-c73baff7e4c1,3076e02a-deac-3e81-96a9-1d32cbda6fca,Cecil300 Kilback373,M,GENERAL PRACTICE,59 EASTWOOD CIRCLE,GARDNER,MA,014403901,42.567006649999996,-71.97817904424542,51,0
7630c596-13e6-3975-abf3-4a3e62dba117,e854f053-5621-31fa-afa1-29040b0d7466,Zane918 Ferry570,M,GENERAL PRACTICE,1575 BLUE HILL AVE,BOSTON,MA,021262122,42.2698727,-71.0940406,22,0
a85a0b7d-3464-3abf-8774-56125fcec8ad,1563fcb4-76a9-3ea4-863d-e276f38b9b3e,Elma843 McCullough561,F,GENERAL PRACTICE,700 ESSEX STREET,LAWRENCE,MA,018414396,42.7020708,-71.17231,80,0
2415057f-3495-3de6-b1c7-300031515025,fbd4ccdf-2fdb-3652-9bbe-1ccff886bd34,Tana168 Collins926,F,GENERAL PRACTICE,320 CENTRAL STREET  UNIT A2,SAUGUS,MA,019062372,42.4632069,-71.0093761,52,0
8d89e4d8-e901-3c82-9589-f583bd940a93,65f0254a-73a3-3b06-bced-54d511445535,Maira380 Carter549,F,GENERAL PRACTICE,720 BOSTON POST ROAD,MARLBOROUGH,MA,017523766,42.355106,-71.47654,35,0
3ddc9438-c90b-3572-a5a2-1c935447c7da,b8e724d5-b999-3029-8a2d-ad30fbd0b9ce,Dorris197 Rolfson709,F,GENERAL PRACTICE,63 MAIN ST,BROCKTON,MA,023014042,42.084598840000005,-71.01995972,87,0
1f6c4687-4db0-3b76-87b6-719f5cbf813f,901c2d40-1ca3-3879-9a20-c663b8adc0a9,Chanelle850 Schuster709,F,GENERAL PRACTICE,800 WASHINGTON STREET,STONEHAM,MA,021802445,42.4863168,-71.0928919,1983,0
6680a422-7e35-3c75-a51c-46061b1b19d7,6170552c-4d27-3e64-8068-64a380f1837d,Leo278 Pacocha935,M,GENERAL PRACTICE,76 SUMMER ST,HAVERHILL,MA,018305814,42.7786873,-71.07306505177553,698,0
ba1c40b5-6602-3a47-a7af-1ba7ba14b229,e6cc6043-299a-3581-8f6b-b3b5d62c46ae,Teresa94 Tapia475,F,GENERAL PRACTICE,532 SUMNER AVE,SPRINGFIELD,MA,011082458,42.08631583333334,-72.55792579166666,125,0
7eb1fbf2-b49d-3316-b2b0-a4dc4aef7372,b9e35b8a-9831-32d8-a6dc-d7a546c126b0,Venus149 Blick895,F,GENERAL PRACTICE,111 HUNTOON MEMORIAL HIGHWAY  1ST FLOOR,SPRINGFIELD,MA,011092550,42.1018764,-72.5886727,1491,0
5dd3cc02-8a3d-34d1-8606-84492b1a7a30,06988693-a9d8-392b-a2ce-a07de8a931ad,Jimmie93 Reinger292,M,GENERAL PRACTICE,136 BOSTON POST RD,SUDBURY,MA,017762406,42.3638568,-71.39664274207772,1,0
07f1a429-255a-3862-971c-81b945d63979,70d5bbef-3c05-3318-b9d7-003dc8fbb8cf,Shenika151 Little434,F,GENERAL PRACTICE,33 SUMMER ST,TAUNTON,MA,027803479,41.9005416,-71.08895606814966,1,0
e3c1bcbe-a0a5-35b9-8142-2b2ea9041068,22249c0a-8ce9-3726-a3bb-b037c773ce5c,Leah288 Sauer652,F,GENERAL PRACTICE,337 NEPONSET AVENUE,DORCHESTER,MA,021223103,42.2875144,-71.0470691675753,22,0
01a48291-0dc4-397b-856f-8077d6c12f4f,7a75decf-7d3f-3b0d-8c2b-3abf0a8c7f58,Ramona980 Jaramillo133,F,GENERAL PRACTICE,169 LIBERTY ST,MIDDLETON,MA,019491003,42.615226050000004,-71.0144865346162,230,0
c3b8df85-d090-3679-b448-4c0317e6e1ff,18df2721-3f76-3f83-94d5-63597cedd298,Kylee806 Romaguera67,F,GENERAL PRACTICE,909 SUMNER ST,STOUGHTON,MA,020723396,42.1005097,-71.0830269025407,260,0
17ab2ba9-843b-33c8-b41d-257b6fa2868f,46a09a29-4bda-3572-89dd-5def154669ed,Claretha922 Kiehn525,F,GENERAL PRACTICE,4901 N MAIN ST,FALL RIVER,MA,027202080,41.758923100000004,-71.11356439219409,4,0
d2184ac7-3ee8-3839-b71b-9f55c288b899,b1965e0b-9ef4-3e96-bad6-cb88ea7e7324,Lala778 Breitenberg711,F,GENERAL PRACTICE,1 HOSPITAL RD,OAK BLUFFS,MA,025571406,41.46063105,-70.57989080295974,116,0
da686694-1486-3509-858c-c6442516f2a2,38508743-50d1-3429-8fe2-37e42ddaf20e,Marth98 Mayer370,F,GENERAL PRACTICE,164 HIGH ST,GREENFIELD,MA,013012778,42.595268700000005,-72.59288632376354,935,0
07871f36-a263-345a-8f51-974e850f63fe,2f735290-1603-31b5-b561-7c8e0d413170,Jolynn62 Adams676,F,GENERAL PRACTICE,100 FOXBOROUGH BLVD STE 230,FOXBOROUGH,MA,020352878,42.041851949999995,-71.23486657070565,203,0
645932f5-f422-3138-b8fb-36b74a5f9acf,e1818b21-4458-3b9c-b2b8-7ed6f57ae078,Sid118 Wilderman619,M,GENERAL PRACTICE,2399 BOSTON ROAD,WILBRAHAM,MA,010951185,42.14668485,-72.45048427046072,114,0
0310f9a3-d3fe-3f91-be89-dac4feb7c93d,328f813e-4de8-3ec2-a113-43f3ddfb0b2a,Victoria535 Roob72,F,GENERAL PRACTICE,30-40 WESTPARK STREET,BROCKTON,MA,023015241,42.0834335,-71.0183787,187,0
a8d2c173-0f7d-3b48-aeb2-f964828e17e5,8d110f42-6f75-3751-b0c5-b45ab08333a1,Lino542 Feest103,M,GENERAL PRACTICE,88 WASHINGTON ST,TAUNTON,MA,027802465,41.9062805,-71.09518121351795,51,0
3500232f-fa99-3da3-90d0-f690943d4696,104e9a82-1eed-365e-9ffb-a8c9ef749888,Sung603 Schuster709,M,GENERAL PRACTICE,725 ALBANY STREET,NORWOOD,MA,02062,42.194543,-71.1994976,48,0
abf83426-6647-3671-a4d7-3d000716355c,200746fc-5d0f-3ec7-a2a9-3d9a219ee139,Latrisha74 Rippin620,F,GENERAL PRACTICE,800 CUMMINGS PARK  SUITE 3100,WOBURN,MA,018016355,42.4977745,-71.1237712,14,0
0612d6f4-9b3e-34c7-8da5-3de1a199d7c1,dd3307db-114c-3f11-be44-a9eef6bb3fc5,Francis500 Ratke343,M,GENERAL PRACTICE,269 UNION STREET,LYNN,MA,019011201,42.4652772,-70.94362420273097,318,0
20010ae0-b6b1-3ac4-89d9-360ed9583bb8,810c33cd-83fe-36e9-8fe6-ef78eb2c6fb9,Brenton674 Hackett68,M,GENERAL PRACTICE,3 VISION DR,NATICK,MA,017602059,42.3026972,-71.35370110550767,2,0
3bdcf469-4894-3deb-85e8-acb68cf7462e,36d96ba1-1b43-3fda-b4b0-84205d5b3a16,Kurtis994 O'Conner199,M,GENERAL PRACTICE,10 BELLAMY ST,BRIGHTON,MA,021351502,42.354847649999996,-71.16853348093532,1,0
1f495354-3c1b-3dad-ad42-5218e7d97bec,1d87bbfa-19aa-3128-adca-420ff8d5a12a,Junior695 Pacocha935,M,GENERAL PRACTICE,771 CHURCH ST,NORTH ADAMS,MA,012474109,42.680927100000005,-73.09950699822534,65,0
250ef8bb-983a-3adc-adc3-1024cab2bb53,f2068cee-c75c-321d-9b2c-c33535db89c9,Charles364 Prosacco716,F,GENERAL PRACTICE,32 BOSSI AVE,RANDOLPH,MA,023682002,42.20017865,-71.0582074,155,0
e42b802a-6c4e-3a55-9019-836954283a91,66505876-04a4-3f6e-9aa8-7232ee43ab76,Iola859 Rodriguez71,F,GENERAL PRACTICE,548 ELM STREET,NORTHAMPTON,MA,010602832,42.327755,-72.657308,1,0
fb86c273-cd5e-33cd-871c-8eb238844a45,9285ca02-6788-3ae1-b1b7-3b313abbfea1,Gonzalo160 Chapa957,M,GENERAL PRACTICE,59 COOLIDGE HILL RD,WATERTOWN,MA,024722816,42.36721805,-71.1528107445055,2,0
4bd59457-a17c-35cc-a8dc-c97dd14aa2bb,9b1f8cd0-2246-3f4f-82df-23ea314c7665,Claudio955 Bruen238,M,GENERAL PRACTICE,800 ESSEX ST,LAWRENCE,MA,018414617,42.70162725,-71.1755487945157,1,0
36982b1e-22c6-3766-88d3-7bb157aab549,357e489c-304e-3495-8354-62e85b5896b5,Kelvin159 Schoen8,M,GENERAL PRACTICE,75 HERRICK ST,BEVERLY,MA,019155900,42.56305785,-70.87604053437136,29,0
b54e1fc5-30d5-3264-8419-6d7749c9eb13,15d4c950-4691-3996-b4c4-bf06bfb58ff7,Alvin56 Crona259,M,GENERAL PRACTICE,70 EAST ST,METHUEN,MA,018445883,42.7285558,-71.16833738237946,546,0
73af722b-270f-3565-9fcc-5436605fd35e,655f2a4f-419c-39d3-8ed6-6c4117eb7e32,Gerardo48 Herzog843,M,GENERAL PRACTICE,21 MAIN ST,NORTH READING,MA,018641326,42.566971949999996,-71.10799861135133,205,0
9072ddda-31be-3936-b2a7-021926f0c155,118e081c-c2f2-35cd-b9c3-ef534f1b7830,Nilda678 Ziemann98,F,GENERAL PRACTICE,1364 MAIN ST,READING,MA,018671137,42.55581805,-71.10585713492983,3,0
6f35ca7d-87ec-3dba-b051-60b1feadb125,5018c664-e283-30eb-932a-529d9a19b3b5,Rochell365 Stehr398,F,GENERAL PRACTICE,300 SOUTH ST,WOBURN,MA,018014979,42.473347,-71.144086,543,0
256aa4b7-43c4-3386-a563-96019486d385,2e8b42f8-4300-30a9-a576-d513d1021a0a,Chris95 Haag279,M,GENERAL PRACTICE,600 CLARK RD,TEWKSBURY,MA,018761699,42.63120935,-71.27023603178071,197,0
a8132685-aec2-3f87-86ef-edcb0d4b5a4d,0caa0116-ef9a-3d4c-bcff-9c405a9d2bda,Yasmin241 Emard19,F,GENERAL PRACTICE,105 CHESTNUT ST STE 35,PLYMOUTH,MA,023604054,41.884685,-70.847219,140,0
ed15e795-8e23-3c17-8dbc-c6756179ca77,5ba77f2c-8ce5-3dde-bb46-3ffcceb3bfbf,Cedric746 Quitzon246,M,GENERAL PRACTICE,188 FLORENCE ST,CHESTNUT HILL,MA,024672641,42.31835025,-71.17401686317635,2,0
3711af33-ddd9-316c-8a35-2440b26a06c7,4ff3563e-f909-3a06-902d-26c28d9d5355,Kirk871 Cormier289,M,GENERAL PRACTICE,876 FALMOUTH RD,HYANNIS,MA,026012322,41.6619029,-70.31909857281401,7,0
0f98a415-18d6-3fad-b5c5-31b1efe48729,847ba43f-362d-3325-a095-93eb95d9dd90,Lawanda300 Bayer639,F,GENERAL PRACTICE,60 E SILVER ST,WESTFIELD,MA,010854434,42.1147598,-72.73956114707532,1,0
9ff9a391-287d-334d-9948-719704a41ac2,d140ed3f-2696-3e78-bd77-1c959ec4fc4d,Jamal145 Marks830,M,GENERAL PRACTICE,863 HATHAWAY ROAD,NEW BEDFORD,MA,027401916,41.6512968,-70.9669902070805,110,0
d1b1b54d-9123-324c-8968-fca0e523fbfd,1cff30ba-b91f-3ea2-b80b-770d67856358,Duncan491 Halvorson124,M,GENERAL PRACTICE,359 JONES RD,FALMOUTH,MA,025403341,41.5591273,-70.60352436630029,132,0
d3375995-3fac-35b4-8de9-18b1bce5cb29,d4e48a16-0a60-3e90-81e5-c35b22ffe6af,Manuela585 Venegas795,F,GENERAL PRACTICE,856 STATE RD,NORTH ADAMS,MA,012473027,42.69967208677275,-73.16330754755236,65,0
418e3a69-aa44-3d1c-ac69-d74030617b26,a609d72c-6c90-3703-8500-02b8c9c0f6dc,Megan108 Dickens475,F,GENERAL PRACTICE,1000 NORTH ST,PITTSFIELD,MA,012011520,42.4680348,-73.24334506233173,2,0
a949ea88-37f8-3ae3-b0db-04df63b79ede,4ff8b164-4cf5-3ab4-b0f2-7ce8fda920e5,Theo630 Mante251,M,GENERAL PRACTICE,800 WASHINGTON ST,WORCESTER,MA,016550002,42.180483,-71.867782,203,0
8d682c1b-38a9-3edf-9fde-9663115cb418,f7171d7c-0d92-33cf-98dc-abd628d79750,Wilford267 Schmidt332,M,GENERAL PRACTICE,431 POND ST,JAMAICA PLAIN,MA,021303402,42.310128500000005,-71.1321602569144,2,0
e6b94dd0-717e-3743-90f0-801e13e3d022,6f95a7a4-3343-3d14-b8b5-35d1e3247551,Denis399 Bailey598,M,GENERAL PRACTICE,254 BILLERICA RD,CHELMSFORD,MA,018244114,42.5969934,-71.3233653623669,4,0
37a53218-769f-3abf-8c12-0e7821d2806f,39c15c0f-5c49-311e-99d2-1fb99d80e06e,Nancie476 Homenick806,F,GENERAL PRACTICE,398 NEPONSET AVE,DORCHESTER,MA,021223134,42.286764399999996,-71.04402811508834,99,0
cb7af552-758a-36c2-8430-8615c8fd243d,c58f91d8-cd19-30c4-9f61-4eb50ae5d837,Marlana402 Senger904,F,GENERAL PRACTICE,10 CENTER ST STE 209,LYNNFIELD,MA,019402663,42.5389836,-71.0481084,24,0
a6a51b12-c9eb-3cfd-a182-ce5444f76bbf,8f22037a-070f-3fcf-8f39-fa879f0ae107,Ina660 Hermann103,F,GENERAL PRACTICE,567 DARTMOUTH ST,S DARTMOUTH,MA,027481826,41.61112,-70.93937914285715,4,0
0f60501d-273c-3d6a-97f2-e3bdb73a78ce,bccd7d67-203c-3d93-b6b0-bff5a146cd1d,Courtney281 Kihn564,M,GENERAL PRACTICE,286 WASHINGTON ST,STOUGHTON,MA,020721763,42.1384306,-71.1022598,148,0
11df2b8f-926c-3d5b-bc7d-21b9ed3c6dde,07baae96-3d74-3c69-a845-dad7b792eb52,Sheryl275 Brekke496,F,GENERAL PRACTICE,42 ASBURY ST,SOUTH HAMILTON,MA,019821808,42.61322825,-70.87300675048934,141,0
345f4a28-bb41-3d90-9e62-5afa0d272cf3,63cb4d95-04a9-3a35-b5d9-f89e0377a48d,Thanh759 Weber641,M,GENERAL PRACTICE,211 PARK ST,ATTLEBORO,MA,027033143,41.9419187,-71.2752081695297,684,0
81d17e99-5e07-334d-8ea7-46c3c49c5fda,45e64170-207e-3786-b970-76fca7a5691b,Henriette328 Hilpert278,F,GENERAL PRACTICE,50 INDIAN NECK RD,WAREHAM,MA,025712174,41.7539753,-70.69890130810117,2,0
9498f9e5-66f5-3a57-97c0-3c2f53ec80bb,6e290541-eba3-37fc-a3e2-e58f77e84c7e,Christeen33 Toy286,F,GENERAL PRACTICE,15 LENOX ST.,SPRINGFIELD,MA,011083122,42.085779,-72.55846414285715,145,0
9eaae465-1bd0-3368-94b1-790416d57c12,a0e043cc-dd00-3d67-938c-524d3690f90a,Birdie301 Hills818,F,GENERAL PRACTICE,61 LINCOLN ST,FRAMINGHAM,MA,017028264,42.2834291,-71.4175609,38,0
41cab50e-d064-3a55-88d9-af8b4699c907,263d1b03-1560-3fc3-b93d-c33a0cbd5837,Nam74 Treutel973,F,GENERAL PRACTICE,10 RIVERSIDE DRIVE  STE 201,LAKEVILLE,MA,023471689,41.8771119,-70.92344635,20,0
60d21df5-46ef-3a3b-a7b6-f23312c83ec3,32741060-a632-36de-907b-3c21caacf07a,Eliana466 Wehner319,F,GENERAL PRACTICE,455 BRAYTON AVE,SOMERSET,MA,027262642,41.7294555,-71.16190171707717,1,0
78bcb843-e19b-3665-92a7-a801cc0da780,4e880cb9-1ca0-3582-b8cf-8a59b0d2b878,Mao115 Bednar518,F,GENERAL PRACTICE,51 S CHURCH ST,PITTSFIELD,MA,012016178,42.44648205,-73.25863241543368,243,0
5b0116a6-6b23-310e-9802-f1c22a408d69,432821fe-58ed-33eb-823c-b4447a52c7e9,Ignacio928 O'Keefe54,M,GENERAL PRACTICE,1071 VARNUM AVE,LOWELL,MA,018541131,42.64497212195122,-71.36843231707317,2,0
9a9b93dd-b3b1-3f43-b1f3-6b50ebfca7fc,a2a41caf-758f-3962-8e5f-e6e603f93d17,Rhett759 Padberg411,M,GENERAL PRACTICE,111 HUNTOON MEMORIAL HWY,ROCHDALE,MA,015421305,42.2020225,-71.89891616754682,1390,0
dea09967-f005-3752-9917-21a037dbb1ae,ca62a361-9c79-32d1-92cc-ffc0d5d19679,Benedict104 Barrows492,M,GENERAL PRACTICE,19 HENRY ST,SHARON,MA,020671714,42.109147300000004,-71.20768205338297,115,0
f63d10c2-046c-3379-83e7-85527ae72e8a,0d24cc89-3256-330c-b36d-d8de8babef84,Will178 Bernhard322,M,GENERAL PRACTICE,1030 FALMOUTH RD,SOUTH YARMOUTH,MA,026641218,41.6667779,-70.1847414,267,0
63d0e0b8-e4c1-31b0-9068-ba1380775fef,ce5a2589-44ba-3e2f-ac0d-76c482da6091,Idalia306 Moore224,F,GENERAL PRACTICE,178 LOWELL STREET,LEXINGTON,MA,024202719,42.438544300000004,-71.19310317632329,2,0
b3e0fb28-bbd6-35ae-893c-ac85cf64230c,db28cc9a-fdfb-35a6-aef7-ab9b933ef244,Judy192 Gleason633,F,GENERAL PRACTICE,8 DANA STREET,CAMBRIDGE,MA,021385402,42.3694992,-71.11011030010101,232,0
98269963-38f9-3105-b92a-06ef5f227bb5,19a65317-5d32-355e-8f82-88933d48366d,Wes853 King743,M,GENERAL PRACTICE,5 PRECINCT ST,LAKEVILLE,MA,023471468,41.8455651,-70.95195924208448,151,0
63974958-539d-3f1e-91c7-32ccdf889251,844a8cb2-4164-35b2-88b8-dffa2889a738,Shemeka786 Conn188,F,GENERAL PRACTICE,150 UNIVERSITY DRIVE,AMHERST,MA,010022232,42.368937,-72.53247107203978,155,0
ae1d40f3-0984-32fe-b6f5-996320dcf1cf,ee6705d5-db4a-3120-bbe1-1e72972a841f,Erick204 Huel628,M,GENERAL PRACTICE,101 JACKSON ST,LOWELL,MA,018522103,42.64221447368421,-71.31029421052632,44,0
4e657466-21d6-3d14-9059-93437c2f1356,bfb9ab7d-7b8a-36c9-ac27-d210a6f6f412,Marcos263 Sevilla788,M,GENERAL PRACTICE,8 LEWIS POINT ROAD,BUZZARDS BAY,MA,025325613,41.745383,-70.618087,1,0
7353b0b7-0ff9-387f-925c-eb00c10d244e,a6fb79e7-4abb-3a68-b62d-e501427fdca4,Ricky354 Renner328,M,GENERAL PRACTICE,489 WASHINGTON ST STE 202,AUBURN,MA,015015709,42.187836,-71.83104,390,0
fa02d42e-3ee8-37bb-a0fa-9f821a93541f,52e42aa3-27fb-3298-a3ae-25529dfe6347,Kaley842 Mills423,F,GENERAL PRACTICE,85 BEAUMONT DR,NORTHBRIDGE,MA,015341093,42.15719035,-71.6521339767302,1,0
f5ca1f59-6bcc-38ff-8d0f-e6a4f92e900e,756ed90d-15f4-377d-b99f-ca1de5633481,Cathleen724 Runte676,F,GENERAL PRACTICE,115 HOLLISTON ST,MEDWAY,MA,020531954,42.158983899999996,-71.41067830029175,3,0
aad91eae-fafa-3fb0-9274-29b3a567addc,b92c875d-5390-3cc7-9cc5-67ade724daf3,Broderick767 Hansen121,M,GENERAL PRACTICE,65 COOPER ST,AGAWAM,MA,010010325,42.07895845,-72.62045515660407,1,0
363dc34d-0cb2-39a2-986d-5bfd504ee430,4e3c60e6-dbed-32c3-9b03-767d7fbc82b0,Gordon377 Lind531,M,GENERAL PRACTICE,222 RIVER RD,LEEDS,MA,010539783,42.364084399999996,-72.70745188531934,6,0
8513d780-1e80-3f15-a438-fc4a736985de,9d0e702d-50a0-3f4c-9126-0951d560fd4b,Otha286 Roberts511,M,GENERAL PRACTICE,189 MAY ST,WORCESTER,MA,016024339,42.25986305,-71.83597786023279,1046,0
879f932b-2bbe-35db-9742-d17236e4f864,f0e3e152-0b08-3819-b962-b043f63f6dc1,Kirby843 Rippin620,M,GENERAL PRACTICE,1010 VARNUM AVENUE,LOWELL,MA,018541915,42.6422606,-71.36626685573418,15,0
e6e9751d-43e3-3a23-9e0f-e8e696417ef0,81b1ef2b-8d3c-3923-859d-ae56099e037a,Lesley194 Bradtke547,M,GENERAL PRACTICE,19 VARNUM STREET,LOWELL,MA,018502132,42.6520846,-71.29979019978185,3,0
8e9cb502-fc76-331f-8c26-c781f58733fd,ea8d287f-b3a9-3800-8798-788e334ee406,Palmer257 Kuphal363,M,GENERAL PRACTICE,81 HIGHLAND AVE,SWAMPSCOTT,MA,019072928,42.4699241,-70.9171507,1016,0
89da161b-88a1-3077-b851-8392710be5ba,c7542447-e06e-32cb-b6db-243c23a0dbc2,Chantell995 Krajcik437,F,GENERAL PRACTICE,30 WARREN ST,BOSTON,MA,021353602,42.3501483,-71.14393324457691,1994,0
c0ba571d-0c37-37c8-9a42-fe4065ab758c,d9fe2c9c-135e-3da3-8de8-1a0ff165d886,Jaime666 Cuellar188,M,GENERAL PRACTICE,1430 MAIN ST,WORCESTER,MA,016091121,42.2492003,-71.92931780325071,278,0
b9c14761-3eba-3260-a6a2-eea9e3ef39da,50c47685-8125-3c50-8311-8bd7ba9e9108,Kirby843 McKenzie376,M,GENERAL PRACTICE,4199 WASHINGTON ST,ROSLINDALE,MA,021311733,42.2871447,-71.1277526,254,0
30851c15-219f-3e6d-89e0-51145e6d52eb,8bf5325a-c11b-35c4-b07d-17a5aeba8353,Penni796 Okuneva707,F,GENERAL PRACTICE,815 WORCESTER STREET,SPRINGFIELD,MA,011511001,42.1018764,-72.5886727,79,0
189f9f63-2ef2-3533-be94-4ccef98c7df4,6dafa732-cdaa-37ab-a33c-b14878e841d7,September423 Howe413,F,GENERAL PRACTICE,400 BROOKSBY VILLAGE DRIVE,PEABODY,MA,019601488,42.55186794282506,-70.97276672693852,19,0
cacc593f-70cc-3426-ae19-98b82ea2bca0,621bd7b5-3f4c-3555-8daa-f1216e352f33,Lashawnda573 Williamson769,F,GENERAL PRACTICE,34 AGASSIZ AVE,BELMONT,MA,024785023,42.38815185,-71.19406248191802,1,0
9a7a0a8d-0a17-3dd9-b3a6-b4d8703bec43,43e22208-dae0-3196-b30b-17b3c50679c2,Shayne60 O'Kon634,F,GENERAL PRACTICE,147 PELHAM ST,METHUEN,MA,018442060,42.7288158,-71.20222773774655,37,0
fd25753d-5718-35db-8b7b-a559eb1121ce,0b2738b6-7911-3aa4-8b6e-7e1df7c14fe1,Kayleen757 Stokes453,F,GENERAL PRACTICE,888 N MAIN ST,BROCKTON,MA,023011668,42.1061239,-71.02807965450519,2,0
dce9c9b4-83b0-3976-8efb-1818f2bf6e4a,46375470-1e20-3ddc-8dc5-010ba53826b6,Jude172 Reynolds644,M,GENERAL PRACTICE,40 WRIGHT ST,PALMER,MA,010691138,42.16934095,-72.34120457065711,1005,0
d5e4da2f-98fa-3ff6-9670-e46fb253345e,9d2a1656-0f4d-30d1-bc63-eb365a05529c,Lorene243 Ward668,F,GENERAL PRACTICE,235 N PEARL ST,BROCKTON,MA,023011794,42.09805395,-71.0609587194362,29,0
0e896981-535a-33de-833e-0701b265365b,aba3e6f6-4562-342e-b90f-dd61b117f394,Maryjane289 White193,F,GENERAL PRACTICE,438 CHESTNUT STREET,SPRINGFIELD,MA,011072008,42.11291091861002,-72.59692685125127,25,0
05361fcd-c465-31e8-b554-ccb8ec980d29,a4b91172-69e7-3895-bd89-b9a0868de5c2,Salvador46 Wolff180,M,GENERAL PRACTICE,651 ORCHARD ST,NEW BEDFORD,MA,027441052,41.6149879,-70.93113851963673,182,0
3016f835-5b77-3ca8-8c5a-effd0e3a6cdb,47fb5a56-bee5-3ecd-9958-706b20831c82,Ezra452 Torp761,M,GENERAL PRACTICE,600 CUMMINGS CENTER  SUITE 270X,WOBURN,MA,018016356,42.4792618,-71.1522766,24,0
2bf4dcc7-af3a-3524-9561-1a9824807518,9203d0d2-ca7d-3421-9361-974402ffb561,Shelby741 Shields502,M,GENERAL PRACTICE,58 OLD NORTH RD,WORTHINGTON,MA,010989708,42.414246,-72.93841842197347,48,0
7be06d16-0fe4-3854-ba1b-9c61f641adf6,ca8a919a-05f9-3687-bfb6-42800a70031e,Josue598 Flatley871,M,GENERAL PRACTICE,6111 OAK TREE BLVD STE 301,FRAMINGHAM,MA,017014613,42.3095704,-71.4413097,39,0
23afa476-d381-323c-9810-82ad61a96897,b1581267-6289-3035-9c95-ddd030f098c1,Ivette731 Hettinger594,F,GENERAL PRACTICE,26 HARVARD ST,WORCESTER,MA,016092833,42.27170425,-71.801564,1,0
0c40c52c-8d2d-3001-bfd1-abee9f0ea306,eee00932-ca82-36bc-b7e8-e3fff6dbaeaa,Leif534 Hane680,M,GENERAL PRACTICE,450 BROOKLINE AVE,WEYMOUTH,MA,021893141,42.2212188,-70.9391625,624,0
c69b572b-66b7-3fa5-8259-cf87f36d2650,50c7f768-9138-3dae-a67d-953bdf9ad754,Glenn0 Bogisich202,M,GENERAL PRACTICE,125 COUNTY STREET,TAUNTON,MA,027803561,41.8960599,-71.07799243944345,8,0
ff4752a0-4435-3b29-a0cc-13d8d493118d,a194e94a-dd16-347e-95ea-8d00052c14d1,Octavio643 Gusikowski974,M,GENERAL PRACTICE,833 MAIN ST,S YARMOUTH,MA,026645254,41.65171785,-70.21464095380932,179,0
6e613574-dc7a-3f40-b8de-c1aeca58bab8,be509ccb-bfb7-3b87-8945-8426b689ef9d,Man114 Balistreri607,M,GENERAL PRACTICE,2049 DORCHESTER AVENUE,BOSTON,MA,021244742,42.3554334,-71.060511,95,0
e98bbe17-8d97-38ad-b79b-96a1242cb719,6f90eaad-abe3-3ce0-b9a6-2031c5674f0d,Claribel706 Wuckert783,F,GENERAL PRACTICE,800 TURNPIKE ST STE 300,NORTH ANDOVER,MA,018456156,42.66074825,-71.10724143845708,49,0
0b2c28d8-74c3-30bc-ab05-6c441917c871,52476935-b9e6-3dbc-a44d-47db68ee9977,Paul232 Daugherty69,M,GENERAL PRACTICE,56 LIBERTY STREET,DANVERS,MA,019233361,42.563351999999995,-70.9210216494721,2,0
0840e3e7-1218-3285-9820-14f96d679562,065eba51-cef7-3976-8654-ba8e7df887ce,Traci329 Block661,F,GENERAL PRACTICE,1165 NORTH PLEASANT STREET,AMHERST,MA,01002,42.40927615,-72.52971238527101,19,0
eff06c79-c424-3d2e-b63b-06fe83128eee,a06b1a97-d6ce-3ea1-ba4a-2ef85a8114ab,Wanda961 Goyette777,F,GENERAL PRACTICE,400 GROTON ROAD,AYER,MA,014321171,42.57821195,-71.5733060441645,14,0
454dd1a0-9e74-39d5-aadf-c25638fc696f,73c7eaf8-f8b3-383f-b3e1-4d8ff5ca255d,Mauro926 Bartell116,M,GENERAL PRACTICE,161 FALMOUTH RD,MASHPEE,MA,026492662,41.6314877,-70.46769809885944,9,0
7c393c8f-8a52-3ce4-9348-2ec7fc5e5520,1214636f-3c27-3011-a715-3191a36a2a85,Ayanna800 Ebert178,F,GENERAL PRACTICE,28 ESSEX ST,LYNN,MA,019021754,42.47493315,-70.9274241816419,1,0
427ca5cf-0d23-3237-a41d-ab8882ea4cd6,6873525f-1680-3ceb-b536-270d44b46e2e,Lai148 Nicolas769,F,GENERAL PRACTICE,500 COLUMBIA RD,DORCHESTER,MA,021252322,42.3147979,-71.067633,66,0
518946e1-cc0e-3e72-95ee-ba528ec3ec87,6c7fe370-02c4-3537-8f5e-373b2168b933,Shon148 Swift555,M,GENERAL PRACTICE,60 HOSPITAL ROAD,LEOMINSTER,MA,014533791,42.54031915,-71.76312990486304,26,0
90a813d7-32ac-3cb8-b51f-9f082862b394,9fbf3c5e-5f22-3b9f-9032-39d6de320874,Delois358 Langosh790,F,GENERAL PRACTICE,150 FLANDERS RD,WESTBOROUGH,MA,015811017,42.2770724,-71.5679154706427,103,0
2f6c30f4-9dfb-3270-8804-e290f3db6ebc,f8918a95-31e8-3ac4-8d12-29ca6080ebda,Domitila545 Vandervort697,F,GENERAL PRACTICE,199 REEDSDALE RD,MILTON,MA,021863926,42.251368299999996,-71.0768393856917,770,0
d9926acb-b310-3984-b64d-bbf41c1c6634,bce5b907-584b-345d-bbcf-912cf56cb6c3,Monte325 Parisian75,M,GENERAL PRACTICE,11-15 SANDERSDALE ROAD,WORCESTER,MA,016032467,42.0667952,-72.0084995,94,0
36a12726-8868-3e3e-941c-94b60b147714,8d5880eb-1dd8-31ea-b7c5-21709f3bb341,Nicholle822 Satterfield305,F,GENERAL PRACTICE,50 ROWE ST,MELROSE,MA,021763201,42.4592093,-71.06078096379728,458,0
7538e1f8-4fea-3719-9b77-a12017074109,ca9ee1b8-abeb-3b62-a017-8839fbe10847,Anika194 Miller503,F,GENERAL PRACTICE,172 LAWRENCE STREET,LAWRENCE,MA,018413849,42.7138132,-71.1639172,18,0
290c2f9b-6e89-3771-8899-89d0f4dc2413,0ec04450-c150-322d-b2c3-1449d672a23c,Patricio639 Esparza426,M,GENERAL PRACTICE,110 W SQUANTUM ST,NORTH QUINCY,MA,021712122,42.27259075,-71.03082765,102,0
5dd21b1f-373f-3cb5-b90d-c5b1dca5df48,fd650ebc-a642-3818-b073-692473cd31f1,Tobias236 Kris249,M,GENERAL PRACTICE,900 CUMMING CENTER,BEVERLY,MA,019156181,42.5584284,-70.8800491,28,0
86428d9a-f37e-34ea-a7b1-9aba71fdb935,f99f149d-87f2-3900-b433-d2d87144e34e,Esteban536 Metz686,M,GENERAL PRACTICE,1 HOSPITAL RD,OAK BLUFFS,MA,025572747,41.46063105,-70.57989080295974,7,0
f59e9f37-c5fb-3aa2-83b6-be0569117873,3ff0f58b-7a1f-3334-9449-ff15f68b7d86,Crystle668 McCullough561,F,GENERAL PRACTICE,275 SANDWICH ST,PLYMOUTH,MA,023607761,41.94186605,-70.6455366462985,944,0
f83a5db7-5501-3f96-8eb5-0b7cdb432a13,70e3ad4f-b9ff-3f3e-9990-2cd7e23a9d1c,Tambra47 Bosco882,F,GENERAL PRACTICE,1238 RIVERDALE ST,WEST SPRINGFIELD,MA,010894675,42.1373438,-72.62624707492338,100,0
5aa06c9e-287c-3e82-ad19-e10cc6baf4c7,dbe1e521-57da-3855-9aa0-aabadbd17e32,Joline447 Stark857,F,GENERAL PRACTICE,454 WASHINGTON ST,NORWELL,MA,020612050,42.1592792,-70.85480698781902,1,0
d7aa993d-2e80-3eea-bf3b-8730f9140a2b,171254da-957c-304a-b3fc-51a2d3ebee43,Brittney657 Schmitt836,F,GENERAL PRACTICE,108 Merrimack St.,Haverhill,MA,01830,42.77449,-71.07901,1058,0
b228350e-e39c-3089-93bb-a695d960e048,8ddbad9e-b5fc-3895-8a1c-17f32197a865,Teresa94 Marrero674,F,GENERAL PRACTICE,1455 MAIN STREET,CHATHAM,MA,026332083,41.6827332,-69.98755685244114,4,0
5d87c855-8211-3124-90d5-c1bff6a1be83,9cfdd210-a2ed-34d6-9381-2f5d999011ca,Warren653 Beier427,M,GENERAL PRACTICE,21 HIGHLAND AVE,NEWBURYPORT,MA,019503873,42.814341671166744,-70.88998002772408,17,0
d92fb731-2cc2-3843-beb3-a7a931bcb30e,7e8bd0f2-2746-355e-92ef-9473818c58a2,Suanne858 Okuneva707,F,GENERAL PRACTICE,90 SUTTON STREET  SUITE 3-4,NORTH ANDOVER,MA,018451655,42.705281049999996,-71.13643624887442,41,0
b40b564f-e4da-3822-b8d1-fc29f0c0a218,dd280187-8662-3732-af81-595d10572911,Mertie42 Lakin515,F,GENERAL PRACTICE,4499 ACUSHNET AVE,NEW BEDFORD,MA,027454707,41.74026055,-70.9450945705336,1894,0
0f762532-1ade-32bf-8ac7-8d876e61bd57,a6964d47-8af0-3df2-b99d-d8414eb1cfa3,Adrienne302 Schiller186,F,GENERAL PRACTICE,200 MAY ST,SOUTH ATTLEBORO,MA,027035520,41.924394750000005,-71.36076410900014,802,0
b42361ef-b5a1-34ff-ba0f-c6bc25266a21,e2a4a148-7e7e-3df4-aa79-1835caf7baea,Nada112 Grady603,F,GENERAL PRACTICE,472 MAIN ST,ACTON,MA,017205953,42.4861111,-71.4335468,23,0
460fce69-e1bf-30ce-b2e4-170125e950bb,a7b047dd-186a-32de-8187-b0853c05aed6,Melida518 Mayert710,F,GENERAL PRACTICE,180 LOW STREET,NEWBURYPORT,MA,019503519,42.815683050000004,-70.89666045994463,10,0
7a06090e-b1fd-3853-b744-ea6967b2b873,2c708a72-2e25-36a1-8209-d2a708874eff,Kyoko885 Strosin214,F,GENERAL PRACTICE,1324 BELMONT STREET #202,BROCKTON,MA,023014435,42.057156895761736,-71.06994368825448,9,0
e7d0993f-16f4-3d5f-8f50-e8212df4f286,dac75bc1-cbfa-306b-9a0a-88d5edf3638d,Addie421 Ebert178,F,GENERAL PRACTICE,170 COREY ROAD,BRIGHTON,MA,021358244,42.3433093,-71.14003855124017,31,0
acd9e90e-8ac4-331a-8f05-b59ffbc91efb,b7488009-cd48-3a0d-87c4-6c47d1ceb3c8,Marielle507 Hayes766,F,GENERAL PRACTICE,95 COMMERCIAL STREET,BRAINTREE,MA,021844301,42.22110375,-70.97097247044559,5,0
74e6736c-44b2-3c74-9125-a1a15b0e5d41,744bdf85-6223-367c-b1ab-e8c8e0a5eb28,Stella203 Hammes673,F,GENERAL PRACTICE,2 REEDSDALE RD,MILTON,MA,021863800,42.258080449999994,-71.08070895097364,30,0
cb3b31c5-d7c4-32d4-8325-b7422057df3d,679a8e99-0f35-3eec-94ed-d8341e9fe33c,Reina25 Chávez927,F,GENERAL PRACTICE,140 WEBB STREET,WEYMOUTH,MA,021882736,42.22281125,-70.96226691624932,2,0
1084be79-f1fa-32e8-93aa-499a16097a77,c6907774-d9cd-3408-b554-08b135423b40,Ramiro608 Nava670,M,GENERAL PRACTICE,642 BOSTON POST RD,SUDBURY,MA,017763302,42.36142375,-71.44123077142632,4,0
3611e0cc-6fb2-300b-a803-fc3ee0c89f41,bb09ee7d-f4e1-3b26-8739-a14467b47764,Iraida50 Lehner980,F,GENERAL PRACTICE,87 NORTH MAIN ST,LEOMINSTER,MA,014535507,42.53527525,-71.75633303305392,45,0
260f999f-fa0f-3510-b615-7aad362f07de,089bceb2-0ecb-3650-95e9-e7260248b809,Estella474 Reynolds644,F,GENERAL PRACTICE,50 W MAIN ST,HOPKINTON,MA,017481672,42.22029125,-71.53814854921914,49,0
afe9b859-b50a-316b-a581-1c07c24393ed,f82ff162-c689-3682-876c-220cf96eb97b,Billy698 Schoen8,M,GENERAL PRACTICE,74 MAIN ST,FRAMINGHAM,MA,017022952,42.2976266,-71.42605348361442,49,0
ed3bcd17-751d-36c4-b776-024f28900696,9d989fcf-4ad9-3972-ada3-f275d967781e,Dominic463 Miller503,M,GENERAL PRACTICE,100 TER HEUN DR,SANDWICH,MA,025632377,41.7579043,-70.4968152,1164,0
7c0b842d-2185-3a3f-b904-017c83178a09,92d919ab-8380-3fda-a5f1-838e69b819c1,Jarrett354 Gutmann970,M,GENERAL PRACTICE,300 TRADECENTER STE 4750,WOBURN,MA,018017420,42.4994143,-71.161659,52,0
982e2a0f-cc6c-3336-b30b-2acdaf20e0e9,87472bc2-7c23-37cc-8355-7f3e88614b6b,Dean966 Kris249,M,GENERAL PRACTICE,305 MAPLE STREET,EAST LONGMEADOW,MA,010282765,42.059258494749486,-72.53388585052694,36,0
f186d2fe-4e73-3cd0-bdfb-7a621117ead3,7a5f7ae1-8437-3f5e-b788-5c2ad57f0a0b,Millicent213 Mertz280,F,GENERAL PRACTICE,29 ORCHARD ST,SOUTHBRIDGE,MA,015504003,42.076356200000006,-72.04167805,39,0
9a1058db-1d44-358b-99af-d12a304036ee,b69bccdc-5ad3-3ded-a018-3cd8f369c9d2,Wendell199 Ziemann98,M,GENERAL PRACTICE,120 S MAIN STREET,CENTERVILLE,MA,026323246,41.649898300000004,-70.34309844876677,14,0
bcb73a53-5de5-3984-b1e4-5e8d70f84fcd,af3871c3-2098-3051-bcb7-8a919e194a16,Stephane228 O'Conner199,F,GENERAL PRACTICE,97 LIBBEY PKWY,WEYMOUTH,MA,021893110,42.19322885,-70.94589987654936,80,0
474d9fa9-711d-3dbd-8fc2-ccfc60d0d0e1,542185c1-943a-30f4-aba0-0efaa92488a4,Wilbur107 Rau926,M,GENERAL PRACTICE,142 LAKE ST,ARLINGTON,MA,024764738,42.40328885,-71.15140830652837,178,0
c5aa2235-93e2-3c81-b772-d6f5813382f3,de32e6d9-848e-35d4-a217-e62eb5e0bc7b,Adela471 Almonte426,F,GENERAL PRACTICE,77 HIGH ST,NEWBURYPORT,MA,019503071,42.8055312,-70.87001791778893,4,0
4e04b9d6-3436-3bcf-ad63-7cc673dc5c1b,d27d82d9-29ca-3b12-aa19-97c3de45247f,Franklin857 Kohler843,M,GENERAL PRACTICE,3 LYMAN ST,WESTBOROUGH,MA,015811442,42.2807083393633,-71.60631230525046,2,0
856042f1-0fef-39c8-86e1-2eeb7a267d70,a2cc09de-c1e2-3126-8c09-d49f95225281,Darnell564 Leannon79,M,GENERAL PRACTICE,300 LONGWOOD AVE,WALTHAM,MA,024532741,42.3756401,-71.2358004,703,0
cc8cf482-dd74-36b1-9b67-b9ab7cd80c28,9f2f60a6-87a4-3f45-b753-b63b5b7e9993,Raul814 Considine820,M,GENERAL PRACTICE,332 HANOVER STREET,BOSTON,MA,021131901,42.3647421,-71.0536619,934,0
9ae3e2bc-7255-3a4b-a503-d4db0ac97386,44cb1162-a345-3477-8723-c202a3c8cdcd,Shaquita282 Graham902,F,GENERAL PRACTICE,73 W MAIN ST,HOPKINTON,MA,017481619,42.21799145,-71.54005509979045,117,0
39998a3d-de43-3bd8-b216-c4e49bdd6496,ab16be57-62ea-39a5-8f7a-ee1285cf6934,Rogelio17 Gibson10,M,GENERAL PRACTICE,115 MILL ST,PETERSHAM,MA,013669503,42.4865962,-72.1893057,101,0
ff3682ad-0345-3050-a0a9-f49f77f05471,f341c366-8313-3790-ab26-d8d27b116ff5,Augustine565 Greenholt190,M,GENERAL PRACTICE,80 LINCOLN STREET,WALTHAM,MA,024535465,42.39322121170625,-71.24104146434591,92,0
96c51bbb-83d8-3642-bcba-63d893e02615,0d7ef8ee-4e45-3b40-9f2b-f558dce71574,Rory188 Kuhlman484,F,GENERAL PRACTICE,200 BOYLSTON ST,CHESTNUT HILL,MA,024672008,42.318869649999996,-71.17524247213663,88,0
9329bd3c-76c5-36b4-82d0-6895af958829,1de1aeee-4088-391b-af7a-95d7cfaeaf32,Elayne206 Denesik803,F,GENERAL PRACTICE,57 PROSPECT ST,NANTUCKET,MA,025542799,41.27514065,-70.10108985970798,121,0
04f165a4-1e59-33ad-861d-bfda6c90d03f,f312977e-8f41-3816-84cc-e5b12ba36955,Eldora89 Langosh790,F,GENERAL PRACTICE,1153 CENTRE ST,JAMAICA PLAIN,MA,021303446,42.3017598,-71.12855793387442,225,0
e4419567-a026-3a3d-88cf-fde1cdca5f69,0519b293-2e92-3eb3-aeef-233da0babc93,Juan88 Friesen796,M,GENERAL PRACTICE,40 PARKHURST ROAD,CHELMSFORD,MA,018241511,42.6198215,-71.36189212971482,22,0
b385402a-e79b-3f53-8b06-1ee972a6ab40,8fede172-e8ad-3a42-ba59-5d63b0fdc670,Mila257 Stokes453,F,GENERAL PRACTICE,460 W MAIN ST,HYANNIS,MA,026013855,41.64987207007028,-70.31279933758786,32,0
0b8863fe-172f-3c03-878c-1afb7f161fd1,c5403c4f-14d5-3171-9227-a9b8327f3149,Lonnie913 Ferry570,F,GENERAL PRACTICE,52 OLNEY RD,CHICOPEE,MA,010202103,42.1487691,-72.6071119,28,0
c3eb69db-6c56-3250-aa17-b0994113a2ad,a730c5e6-a15f-3e36-8112-8579e507d330,Drew592 Ankunding277,M,GENERAL PRACTICE,28 LORD RD,MARLBOROUGH,MA,017524549,42.34718040987546,-71.57283065352654,283,0
20cfb3e7-459b-31b0-98e5-856cd30dffaa,4ffc4e4b-9d8d-3c30-ad84-fc9a7209da94,Troy560 Carter549,M,GENERAL PRACTICE,4525 ACUSHNET AVENUE,NEW BEDFORD,MA,027454727,41.74080975,-70.94731021257817,60,0
3292594c-a7f3-3f0a-99e6-503d78ec4759,389323ef-b127-3a06-a22d-e24aef033e5d,Dina200 Streich926,F,GENERAL PRACTICE,200 PROVIDENCE HWY,DEDHAM,MA,020261881,42.22214545274341,-71.18159060546684,93,0
0f2e20e6-0e78-3d4c-9c5d-716733a75339,bebc1dac-6c42-3225-b0ba-23278cdf2a62,Laura391 Olivárez848,F,GENERAL PRACTICE,464 MAIN STREET,AGAWAM,MA,010011826,42.07695165,-72.62026217030348,5,0
528b5aeb-b440-3b90-8b34-a5fb584f6749,82248deb-13cc-31b2-8764-0233e159a93a,Lan153 Kemmer137,F,GENERAL PRACTICE,19 DEPOT STREET,ADAMS,MA,012201856,42.623644600000006,-73.11852130252683,235,0
ed6f964a-95d3-3c22-9933-bc9dd6ed2d67,5a6fa8a5-90e2-3f70-bb3e-3d9dd7ad2f96,Myrle831 D'Amore443,F,GENERAL PRACTICE,44 NEW LOMBARD RD,CHICOPEE,MA,010204857,42.1678446,-72.54203576723424,5,0
1a641e55-d095-3127-bec8-7076f19dcd1b,ce4d0501-49eb-396a-bc56-545fdfc624b0,Bea654 Daniel959,F,GENERAL PRACTICE,1 HOSPITAL RD,OAK BLUFFS,MA,025571406,41.46063105,-70.57989080295974,2082,0
8a247632-bd81-3402-9293-b3184bdba136,70e943de-a18b-3e03-a204-ecca2f01b6d1,Joshua658 Wolf938,M,GENERAL PRACTICE,76 NORTH MAIN STREET,WEST BOYLSTON,MA,015831130,42.393642299999996,-71.79207534741954,16,0
8d01e988-a792-3503-98b6-dc22c8050fdd,e69e7cbb-8362-30d1-83f2-3a0c492fe2b1,Chris95 Kub800,F,GENERAL PRACTICE,110 LONG POND RD,PLYMOUTH,MA,023602642,41.9255829,-70.65514326847389,546,0
4e11467a-04cc-32f1-9ed0-242d0b9adeb7,1ef8d603-bec1-35f5-a830-2a0b919cf47f,Thresa531 Kutch271,F,GENERAL PRACTICE,1801 TURNPIKE STREET,NORTH ANDOVER,MA,018456322,42.6355548,-71.0761760490546,44,0
840851a0-810e-3351-9a41-045f4b68764a,d13ac855-c068-3b57-8d65-fc3c90f32558,Dorsey40 Orn563,M,GENERAL PRACTICE,383 SOUTH ORLEANS ROAD,BREWSTER,MA,026312870,41.738964949999996,-70.00124453922743,5,0
c63e3e54-45e7-3bc1-b6d6-4f06ace94812,9e469108-97a0-350a-b6ba-be2a286b3dcc,David908 Mueller846,M,GENERAL PRACTICE,150 FLANDERS RD,WESTBOROUGH,MA,015811017,42.2770724,-71.5679154706427,38,0
ed38a9dd-7a0f-3cad-beb2-30886389a969,afc661fd-71d9-3fc3-adf2-3fc3b5e8a140,Hyman89 Schmeler639,M,GENERAL PRACTICE,680 CENTRE ST,RAYNHAM,MA,02767,41.9487118,-71.0731008,666,0
eba920b8-0b4e-3e55-8895-b7cb77f23ca2,be9a14c1-72a6-3186-b199-fdb070768458,Lisabeth458 Roob72,F,GENERAL PRACTICE,18 FRANCES ST,WOBURN,MA,018013006,42.488288600000004,-71.15015700746171,2,0
42221732-646b-3530-babd-56b448f8b47f,06cc2462-430f-3322-9c87-7e971125f510,Kai187 Mann644,F,GENERAL PRACTICE,133 OLD ROAD TO 9 ACRE COR,WESTFORD,MA,018863198,42.5792583,-71.4378411,1352,0
1a0bb71a-6060-3c9e-b9f5-d999b62ed5b2,98bf9e06-f827-310f-8022-35ee33686f76,Ilana185 Torp761,F,GENERAL PRACTICE,204 PROCTOR AVE,REVERE,MA,021514923,42.41420445,-71.0184707933218,3,0
edf7bb57-3d23-3062-a309-ba51a7031b6b,8e1aab52-fc16-3b51-ac7b-30379ebf5630,Sommer719 Durgan499,F,GENERAL PRACTICE,168 INDUSTRIAL DR,NORTHAMPTON,MA,010602379,42.335726,-72.63284732269418,23,0
bb841b86-edce-3d0b-97e1-73aef18d73c3,759de184-595f-3131-ba20-6a412553496d,Lourdes258 Villalpando154,F,GENERAL PRACTICE,49 THOMAS PATTEN DR,RANDOLPH,MA,023683901,42.1594587,-71.06112167252701,1,0
5ad53e06-23a1-3b44-a97a-cb48d4100d43,4077d432-cd35-3bc6-b48a-17a732573899,Leif534 Little434,M,GENERAL PRACTICE,142 CANAL ST,SALEM,MA,019704673,42.508501800000005,-70.89659209044149,38,0
94badd78-b6b6-3240-aaec-c2cf218a4028,dfc0bac0-55a9-3f25-b0e3-78f9f586560c,Cecilia788 Alaniz897,F,GENERAL PRACTICE,444 STOCKBRIDGE ROAD,GREAT BARRINGTON,MA,012301295,42.22088152406833,-73.34280352682327,43,0
bafa9fc3-aea6-37ee-97c2-a6455ecee29f,db106514-f254-3402-b6a4-6d210c78c7e2,Kimbra238 Runolfsdottir785,F,GENERAL PRACTICE,211 FRANKLIN STREET,QUINCY,MA,021697833,42.23691085,-71.00237199954586,29,0
466c5714-0903-361d-a8ae-383db78c09a8,ee7fab6f-6438-394f-b1f2-3e452f8f055a,Domonique463 Satterfield305,F,GENERAL PRACTICE,75 BRIMBAL AVENUE,BEVERLY,MA,019156009,42.570099299999995,-70.87108224250409,99,0
014dc6b9-d6b6-3df6-9110-d39cacc25c74,79508e39-d0b0-3613-9d54-168f6e1c3a18,Lynwood354 Tromp100,M,GENERAL PRACTICE,200 GROTON ROAD,GROTON,MA,014502056,42.577352149999996,-71.57414587343038,452,0
edb2987c-5758-3c2a-915d-a6c43729665d,af570aee-a397-372c-8eba-5c2b18662b0f,Tyron580 Runolfsdottir785,M,GENERAL PRACTICE,800 W CUMMINGS PARK STE 2250,WOBURN,MA,018016372,42.4961562,-71.1258904921298,88,0
7c5f34c4-455f-3665-b156-7b6fd662ffe3,e52b37d6-60d6-354d-90f9-6e9f9eb1d209,Lyman173 Kshlerin58,M,GENERAL PRACTICE,289 ELM ST,EVERETT,MA,021495228,42.4152341,-71.0348323,2,0
e58c8850-5292-38cd-80d4-54e34440b815,907b1d2f-2bf8-31b5-abc2-14d6b75faa96,Ellis535 Ernser583,M,GENERAL PRACTICE,340 MAPLE ST,MARLBOROUGH,MA,017523200,42.3358161,-71.54106510218209,184,0
355f7799-86f5-3960-aa96-e8ffe218cafd,1ce0d1a3-b507-3ad1-afc5-b25bfe48b8dc,Dovie983 Welch179,F,GENERAL PRACTICE,10 PEARL STREET,STOUGHTON,MA,020722364,42.125716800000006,-71.1025481568314,70,0
48948190-60ea-3685-b11d-0bd0f3a51183,65cf1d58-590c-3fc8-b68b-f429129a0f79,Josef103 Miller503,M,GENERAL PRACTICE,241 WINTER ST,HAVERHILL,MA,018314835,42.77792505,-71.08618205019678,1,0
21df22b4-9d42-3f82-b096-b01af9b4cce6,880fad59-9c38-3a21-a39f-ccc801502ab3,Maurice742 Pollich983,M,GENERAL PRACTICE,799 CONCORD AVENUE,CAMBRIDGE,MA,021381048,42.390849395521705,-71.1556550001627,104,0
ef103b2c-bf9e-3c56-8cfc-7480825bb1f7,352f2e3b-0708-3eb4-9f7e-e73a685bf379,Araceli695 Willms744,F,GENERAL PRACTICE,157 UNION ST,SOUTHBOROUGH,MA,017721215,42.3056501,-71.5245087,838,0
fc069d39-8e9d-3d62-be41-863275af7427,5b142cbe-a07c-3f6e-9780-a563644f66e2,Ross213 Wisozk929,M,GENERAL PRACTICE,73 Huttleton Ave.  Unit 2,Fairhaven,MA,02719,41.6318,-70.8801,5,0
f86f54bf-f389-3fa2-b280-e2747c96568f,34f7bdc0-0550-333e-a53f-5e2af5a6d4ec,Augustine565 Kreiger457,M,GENERAL PRACTICE,212 S MEADOW RD UNIT 5C,PLYMOUTH,MA,023605450,41.9426657,-70.7618592,33,0
cd5ab6e3-3285-33c8-bcef-85352daa6a8a,e34d8448-8b98-3f91-9fe7-faeb8a78e1db,Jill895 Monahan736,F,GENERAL PRACTICE,NEW ENGLAND SINAI HOSPITAL,MILTON,MA,021862377,42.2501425,-71.065573,78,0
83acf2db-864a-34ca-b07f-138a6a537a77,a2d45ee8-b930-3169-b612-f602961ad212,Valentine262 Leannon79,M,GENERAL PRACTICE,37 MINUTEMAN WAY,SHREWSBURY,MA,015452229,42.288207,-71.73443816915585,261,0
01e3860c-e208-3015-9e6a-1940c9a563b1,0fa1cab9-83c1-3c85-b7bc-53d8b922e2f7,Germán350 Rodríquez611,M,GENERAL PRACTICE,115 LINCOLN STREET,WORCESTER,MA,016081216,42.2768165,-71.795274,285,0
5947d90a-d058-375e-b185-22151c0c3c76,4887dc20-9ef6-3cc2-9c56-858388049a50,Kimberlie352 Kertzmann286,F,GENERAL PRACTICE,168 WEST CENTRAL STREET,NATICK,MA,017604122,42.282113100000004,-71.37898579435048,46,0
dc11e01d-d351-35b4-9b9e-4a1cb2d6f3f2,10ffe7b1-2f94-3f12-9288-679da05a1ec9,Odessa199 Hintz995,F,GENERAL PRACTICE,133 LITTLETON RD,WESTFORD,MA,01886,42.57056335,-71.41736646422413,171,0
adc45a45-8888-38dd-8b17-1a350bd6a7c7,4fa643ae-1f58-3c2e-9f33-0ba56345ad10,Trevor374 Williamson769,M,GENERAL PRACTICE,361 MAIN ST,WAREHAM,MA,025712153,41.761384899999996,-70.71911431737183,282,0
9f786a93-fcd7-336e-a731-ff049291f683,e98ef46c-e94c-34bc-9cf5-134d8ddcbac5,Patsy569 Olson653,F,GENERAL PRACTICE,10 EMORY ST,ATTLEBORO,MA,027033002,41.9447388,-71.27972821642685,1,0
78d5426f-5a10-3ad4-acee-f93330ee4b8f,fa34d205-5ac2-3ba2-80a4-bef345dc57f5,Shawnna218 Daniel959,F,GENERAL PRACTICE,37 BROADWAY,ARLINGTON,MA,024745552,42.408086,-71.135914,8,0
1b37dcd6-589c-3ca1-aeff-624972f9f683,a73a3693-57ac-367e-b29e-f0f834cbaf66,Chelsey293 Simonis280,F,GENERAL PRACTICE,10 CORDAGE PARK CIR,PLYMOUTH,MA,023607318,41.9788991,-70.6879608,58,0
3d525cf4-d8e2-3ed1-b833-f6156d1a2fd9,e6d63525-40f0-3391-a58a-e6a03598911f,Arron144 Kassulke119,M,GENERAL PRACTICE,400 STANLEY ST,FALL RIVER,MA,027206009,41.7148511,-71.13527009152534,172,0
0bd3f234-25a5-33cd-81e5-86f10ec0b451,fb4a08b8-57ee-382b-b3cb-43d94f1bb4c0,Theo630 Hammes673,F,GENERAL PRACTICE,1010 SOUTH MAIN STREET,FALL RIVER,MA,027242855,41.690775450000004,-71.16515282264554,251,0
1f7ada6f-35ea-304b-9677-2cb166f248e6,2b97893e-dc50-378b-a266-f089b8450329,Magdalena964 Torphy630,F,GENERAL PRACTICE,250 MOUNT VERNON ST,DORCHESTER,MA,021253120,42.3194571,-71.04610844302991,273,0
fa127728-e86b-3fe6-87c1-16dbb34ee53a,d0894f6b-78d7-338d-82ad-b63de4d40014,Dewayne363 Lemke654,M,GENERAL PRACTICE,330 MOUNT AUBURN STREET,WALTHAM,MA,02452,42.3756401,-71.2358004,233,0
b9441784-a75a-3d35-95bc-ffc2cd3b2d3f,02661a4d-56da-3bfb-8ca0-0ecc77ba9fa6,Jacki842 Koepp521,F,GENERAL PRACTICE,30 CAPITAL DR STE A,WEST SPRINGFIELD,MA,010891359,42.13809525,-72.62351832623938,2,0
ecd39e77-c18d-310f-b5ff-98e9f007174d,310d02fb-ba0c-3b5a-9ab3-8d7bb8e7b661,Felica690 Farrell962,F,GENERAL PRACTICE,709 WASHINGTON STREET,CANTON,MA,02021,42.1561851,-71.1452049,59,0
81272bfc-c6a8-3692-b865-57338bd98db8,3d5fbf38-c781-3e04-8c7e-5a402611b7d4,Enriqueta274 Barton704,F,GENERAL PRACTICE,260 ELM ST,SOMERVILLE,MA,021442951,42.3955992,-71.1227391,736,0
b134d26a-8b57-3d83-bbe0-0bb30db1680b,d6b03647-983f-3162-af9e-b12aea026f13,Willetta882 MacGyver246,F,GENERAL PRACTICE,65 NEWBURYPORT TPKE,NEWBURY,MA,019501199,42.7891081,-70.87774011339009,142,0
f2fbab24-333c-37e2-a09a-d540dee0628c,f43f97f2-af04-3ed0-a42e-3681718cc9b2,Jacques50 Quigley282,M,GENERAL PRACTICE,725 NORTH ST,PITTSFIELD,MA,012014109,42.4600752,-73.2492795834909,1158,0
a1de5007-9879-3cc1-bcd8-9eb172487dc4,fd5342f0-10c0-3f48-9c7e-7100a64db139,Robby860 Abshire638,M,GENERAL PRACTICE,30 PRINCETON BOULEVARD,LOWELL,MA,018512405,42.6353691,-71.3322833,14,0
00760b21-94e2-3ca8-ba61-2975418d7ce3,e119dcbb-0c33-3ec1-bf97-5f477799e5cb,Lamont867 Kerluke267,M,GENERAL PRACTICE,312 MILLBURY AVENUE,MILLBURY,MA,015273622,42.22515325,-71.75735371350069,6,0
93820ad9-d13a-3c2b-9477-a66f2a05ba26,03c5769d-b185-35ee-b563-9e651cff95bc,Delbert384 Rohan584,M,GENERAL PRACTICE,807 WILBRAHAM RD,SPRINGFIELD,MA,011092067,42.1108434,-72.5341133,5,0
5a271456-ff9b-332d-9574-0d84b894f64d,f202fe9c-c1dd-30d5-805e-6a26904dbbce,Christy428 Fahey393,F,GENERAL PRACTICE,256 GEORGETOWN RD,BOXFORD,MA,019211642,42.697599999999994,-70.98887494259449,116,0
aedb95cc-e049-3c69-b682-2bccf797cc56,9ed61c49-1d0c-3774-b528-d75b50938fe2,Gustavo235 Castellanos521,M,GENERAL PRACTICE,110 West Squantum Street,Quincy,MA,02169,42.272617,-71.03133,342,0
78b70580-a40c-3e49-aa4c-0876d53fa636,7ac466c6-7968-33fd-882c-6d5418f88c8a,Valeri645 Hayes766,F,GENERAL PRACTICE,2 MEETING HOUSE RD,CHELMSFORD,MA,018242700,42.60140085,-71.35097894451894,256,0
6efb5e00-f3b3-3d52-ae44-1602e76a9fb4,2f67494e-f17e-3248-ba68-3ca42913cca1,Brock407 Bergstrom287,M,GENERAL PRACTICE,184 MAIN STREET,FAIRHAVEN,MA,027193259,41.646106,-70.90865208079187,99,0
7c0554fd-3f0c-3bca-a489-f6ab55c6a634,0d19a52f-6f9b-32aa-9aad-6b7027cc668e,Indira327 Mills423,F,GENERAL PRACTICE,7 SANDISFIELD ROAD BOX 216,SANDISFIELD,MA,012559621,42.1131485,-73.1299243,17,0
cd486e37-429a-3fe8-b77b-6aedbab1d554,326bc5bc-8da8-3337-a76a-7d44202dae3d,Porsche32 Hermiston71,F,GENERAL PRACTICE,184 SWANTON ST,WINCHESTER,MA,018901921,42.4606573,-71.13806547771736,2,0
9aba00fd-8ba1-361c-aa83-18a5545baaf3,88975fd9-b47e-3af6-af78-c58e1ecf0d5e,Barry322 Feil794,M,GENERAL PRACTICE,115 W SILVER ST,WESTFIELD,MA,010853628,42.1178811,-72.75935246865802,573,0
703285a8-bf53-3016-839b-3054600efb7f,46e66051-c061-3c31-b439-1d71df92db1c,Damion480 Denesik803,M,GENERAL PRACTICE,11 NORTH ST,STONEHAM,MA,021801040,42.50329135,-71.10023035268328,1,0
4154e8ca-34b1-3ea7-a160-6775218d182c,52efa2e5-007f-3396-a83a-28ca015f0595,Walton167 Turner526,M,GENERAL PRACTICE,20 N PARK AVE STE 2200A,PLYMOUTH,MA,023604090,41.960434631488596,-70.67007876763536,47,0
fd78e601-1466-3303-b73c-61bb49a97a51,eb7b9a53-ce15-3de6-85b9-4aa4e3f26bac,Sonny285 Witting912,M,GENERAL PRACTICE,194 BOARDMAN ST,HAVERHILL,MA,018306405,42.77171213955692,-71.05879730251671,1,0
89ab9387-f842-3539-925a-fcff5f59f150,19439108-9835-38fe-8ee2-1226a355cfba,Anderson154 Kunze215,M,GENERAL PRACTICE,694 WORCESTER RD,WELLESLEY,MA,024822837,42.2964859,-71.2925571,75,0
dd11893f-7c04-3d42-bc05-a0ba7ed804b4,ba5db88e-396b-39a6-9a0a-e9791bc709b7,Carmelia328 Olson653,F,GENERAL PRACTICE,80 ANDOVER ST,ANDOVER,MA,018105606,42.6390425,-71.15835003183432,1,0
9524493a-8393-3ed3-82e2-9dfa05b1bb0b,fd938c9f-a355-3ec7-96f8-516240ea1ba2,Sylvester827 Beahan375,M,GENERAL PRACTICE,529 MAIN ST STE 126,PLYMOUTH,MA,023604842,41.7664657,-70.7266525,3,0
806944af-1518-3baa-925f-f02a1b0e9690,b5789b71-fc8e-3b7e-9eb2-3fc577943117,Elvia127 Miller503,F,GENERAL PRACTICE,81 RESERVOIR DRIVE,ATHOL,MA,013314901,42.581152349999996,-72.18775715069674,47,0
22787f18-83f2-38c0-b447-4de93591e8e8,0506a7b9-05cd-32d6-a687-7589e67f8587,Nenita289 Ullrich385,F,GENERAL PRACTICE,111 HUNTOON MEMORIAL HWY,ROCHDALE,MA,015421305,42.2020225,-71.89891616754682,1,0
44822e4e-a814-3801-ab8b-a52c83b00ca4,edd58f69-ad5f-346b-b1f9-530ccdc895f6,Shawn523 Padberg411,F,GENERAL PRACTICE,52 CARPENTER ST,ATTLEBORO,MA,027032472,41.9369576,-71.27996091755344,141,0
a8eacaba-d878-3abc-8e24-2c8619f89113,94ac48ba-e215-3ab9-ba88-a0b926d29cef,Nerissa37 Hahn503,F,GENERAL PRACTICE,300 WINTHROP STREET,MEDFORD,MA,021552311,42.421527,-71.11834,58,0
dceec483-faf4-3ace-81fb-2e90f3e21806,069b90f9-309b-35e4-b990-d1dbacb962cc,Leo278 Strosin214,F,GENERAL PRACTICE,36 LOWER WESTFIELD ROAD,HOLYOKE,MA,010402749,42.16975305,-72.63488031242107,86,0
ce115f26-db19-31b1-9422-cd9cc105eb7d,b3f4de6b-901d-3856-ba81-35dc48a63d17,Jeana169 Cronin387,F,GENERAL PRACTICE,451 ANDOVER ST STE 205,NORTH ANDOVER,MA,018455079,42.6734518,-71.1268776,27,0
33bdd2e3-0edb-3e2a-9162-247623ecee2e,4ba48ef6-19f2-3177-bfaf-096daaebf26a,Gerald181 Wunsch504,M,GENERAL PRACTICE,275 TURNPIKE ST,BRAINTREE,MA,021845328,42.2064195,-71.005067,90,0
2b2e541a-ba10-3f38-a3f4-4bdfb180aa63,d087a353-12da-3785-b121-fb1291f8a721,Thad495 Baumbach677,M,GENERAL PRACTICE,17 CLARENCE ST,WORCESTER,MA,016052430,42.287673653061226,-71.80890779591836,43,0
1b947e47-d28b-3fe8-a799-783152620eeb,e5ce3b83-f5e6-308d-aa64-82539fc2d906,Garret233 Dach178,M,GENERAL PRACTICE,1842 BEACON ST,BROOKLINE,MA,024451922,42.33728028715071,-71.14536064081996,6,0
801a1aeb-4c4b-3058-ba63-fc4eae4017a8,90044527-f49c-3399-b978-7f64914e8f5e,Vada440 Hilll811,F,GENERAL PRACTICE,397 COUNTY STREET,NEW BEDFORD,MA,027404933,41.630275999999995,-70.92928239809834,2,0
78f9de0a-6e11-3fc9-89bf-b8e070bc9ddb,2c2e6afc-9578-3ba5-bb12-eed97d3a823b,Sunni15 Schroeder447,F,GENERAL PRACTICE,405 RIVER ST,MATTAPAN,MA,021262210,42.2699017,-71.09061872585616,3,0
f8399568-f786-3f08-8ab8-24065485d35a,8ce066ae-10ad-3679-9272-387e8cb21947,Dane516 Tromp100,M,GENERAL PRACTICE,3 CHERRY ST,NEWBURYPORT,MA,019503928,42.80038345,-70.87664535540449,52,0
629edb48-cdb2-390d-a055-7fad737151db,f438b8e0-d856-328a-b193-2b014fc4cb97,Tyron580 Reinger292,M,GENERAL PRACTICE,981 VARNUM AVENUE,LOWELL,MA,018541913,42.64591185,-71.36487149058269,15,0
4756cabf-dc3f-3d55-b08e-285812da0a01,a2047ff6-62f2-34d7-beb9-7e164d989c75,Frederic454 Larkin917,M,GENERAL PRACTICE,1200 CENTRE STREET,ROSLINDALE,MA,021311011,42.29768,-71.130463,45,0
36e09044-e966-3cc1-8ca0-7ca9dd5c0d2c,936ceb96-2b12-371f-aa68-ee02a9c06f4c,Alan320 Keeling57,M,GENERAL PRACTICE,225 BOSTON ST,LYNN,MA,019043124,42.470497449999996,-70.96003668151566,364,0
1de11e71-1ca7-3fe4-9a1c-ffd147d78751,5d0d1d11-dd8a-3d28-b029-93062b6798a5,Tamika537 Flatley871,F,GENERAL PRACTICE,378 PLANTATION STREET,WORCESTER,MA,016052324,42.27966095,-71.7626143755108,4,0
8b8493c1-b14a-3b68-812f-26132a5dd244,dfcd78f1-f67e-321d-84e3-f658c482c474,Sacha430 Wisoky380,F,GENERAL PRACTICE,64 WOODLANDS WAY,BREWSTER,MA,026312550,41.737807,-70.0036669,157,0
656172be-96b1-30a6-9162-32011fad5403,5818ce99-2a75-34ef-9cc7-e6cbf3b93ddb,Ariadna374 Suárez24,F,GENERAL PRACTICE,146 FEDERAL ST,GREENFIELD,MA,013012511,42.5928222,-72.5984235,53,0
704d3f5f-094c-3908-baf6-d43cb9b36cdd,686dbc4c-72c6-37b9-a8a8-46839da327a2,Trinidad33 Mertz280,M,GENERAL PRACTICE,34 PEARLY LN,GREENFIELD,MA,01301,42.6097476,-72.5979752,1,0
c6c6d3b5-b6ff-389d-a4cf-3e222c5912a7,51759ecf-0948-3f61-b8fc-09dd8f2b90a1,Leticia253 Griego535,F,GENERAL PRACTICE,CHRISTIAN HILL ROAD,GREAT BARRINGTON,MA,012301108,42.207865,-73.360405,6,0
f163f219-be7e-3ea6-920a-26936275d12b,a855314b-4fb5-37fc-8015-5caa96c928b1,Erica194 Kiehn525,F,GENERAL PRACTICE,759 CHESTNUT ST,SPRINGFIELD,MA,011991001,42.121522049999996,-72.60300615153007,498,0
9e4200ee-fb2b-30ab-af47-d2b53dbfcc64,48a6d3ab-50ef-349e-8945-2558a78f378e,Mercy752 Kuhlman484,F,GENERAL PRACTICE,795 MIDDLE ST,SWANSEA,MA,027774114,41.730919,-71.208117,793,0
97c6ec2e-28ba-3868-a963-ced2b8878cad,0a8a4b11-d0b8-3cd2-92cd-983de5189cfa,Del587 Nicolas769,M,GENERAL PRACTICE,111 BIRCH STREET,LYNN,MA,019021574,42.47859105,-70.93458444045801,102,0
730ce323-ffd3-3dbe-8bf4-47700a9e4862,cabc0f0d-dcca-34a2-bc6b-519ed1cc7f74,Elicia233 Huels583,F,GENERAL PRACTICE,191 MERRIMACK ST STE 712,HAVERHILL,MA,018306199,42.7742236,-71.08181133783422,30,0
4c673e86-d492-382a-8c95-f0b008ab38b7,d3fe08e0-6fdc-36bc-8f88-c8b7654cdcd8,Randal152 Paucek755,M,GENERAL PRACTICE,545 SW CUTOFF STE 9,WORCESTER,MA,016071766,42.211685200000005,-71.7968399931798,2,0
23b391e7-a833-34b9-a19c-85eecd60bd95,bea92616-0fee-39b9-9a23-42c6fd899f35,Arthur650 Beier427,F,GENERAL PRACTICE,10 ERLIN TERRACE,TEWKSBURY,MA,018762666,42.61292480142526,-71.24215126690858,1,0
dfefc508-2c77-3ff6-ba1e-46fa7e6364ae,335fe080-43f9-3219-84bd-031c4fcfe9d5,Nikki942 Hilll811,F,GENERAL PRACTICE,146 PARK AVE,ARLINGTON,MA,024765829,42.421350950000004,-71.18224816367342,1,0
e5968901-9c64-3830-8c2d-f34d3b871287,7b7ce654-a413-37d1-9d34-97240c0ac580,Liberty95 Kihn564,F,GENERAL PRACTICE,1 WRENTHAM ST,BELLINGHAM,MA,020192532,42.025037350000005,-71.48945118224057,40,0
478ed33c-d739-345a-a5af-eafaa73d59cf,f3740f1e-3176-3f58-ba4a-f95d8f5b9263,Kendra609 Schneider199,F,GENERAL PRACTICE,75 KNEELAND ST,BOSTON,MA,021111901,42.350222,-71.060605,30,0
eeec9f79-6706-36d3-b97c-3852209c340d,93bf4a6b-8fb3-3a1e-9be6-4958736f2bfb,Dee580 Trantow673,F,GENERAL PRACTICE,1102 WASHINGTON ST,BRAINTREE,MA,021845438,42.19876545530798,-71.00672788298964,2,0
424bc4ae-dc71-3d1c-93b3-3ce6a01558bf,548e7abd-14d4-3c28-aa82-790240af9e02,Catherina275 Schulist381,F,GENERAL PRACTICE,1 BATHOL ST,WAKEFIELD,MA,018803655,42.474535700000004,-71.07390865583827,2,0
ac3ee249-6440-3b4b-aa76-88d30303b086,95b01a7c-e16a-37d4-b354-c404baa00203,Foster87 Gibson10,M,GENERAL PRACTICE,290 SOUTH STREET,PITTSFIELD,MA,012016824,42.440485002637104,-73.25677853480586,32,0
8ba8ac1c-404f-36bb-993e-07c44c1fd584,f1c6e386-ed52-3f97-a2b0-4e21ad2d0966,Rhonda22 Bins636,F,GENERAL PRACTICE,54 COURT ST,TAUNTON,MA,027803201,41.9028629,-71.09718927122583,119,0
843f441c-f272-36a6-a08a-d1d8b2bd2cbe,7b20d1c4-c56b-3647-801c-5e4e13679073,Mozell819 Prohaska837,F,GENERAL PRACTICE,275 SANDWICH ST,PLYMOUTH,MA,023602183,41.94186605,-70.6455366462985,1422,0
3cc79237-b148-3e34-b222-c8691363322b,880c8804-deb0-35b0-9132-06950118b8b3,Elijah719 Flatley871,M,GENERAL PRACTICE,150 LINCOLN STREET,NEEDHAM,MA,024922914,42.2743931,-71.23662905222776,12,0
09bede3f-feca-37ae-bb0f-1c6e1f83dfcc,df852cb2-9fe0-3c90-87ac-46e5f980ee3b,Claudie965 Koch169,F,GENERAL PRACTICE,3 PATTERSON ROAD  SUITE 3,SHIRLEY,MA,014642907,42.552462649999995,-71.62383665745185,7,0
fe818c7d-c910-3b8c-8afd-95f56ba57a2f,fc22de59-ee81-3c32-98c4-911b8d416110,Teodoro374 Mosciski958,M,GENERAL PRACTICE,27 GEORGE ST,ATTLEBORO,MA,027033105,41.9404181,-71.27282167023935,3,0
68b4acfa-4e70-3cd9-ba05-3e30dc1a46b2,3e97ce4f-3ad7-3cea-883f-e2bb4ca89d83,Marisol435 Cedillo160,F,GENERAL PRACTICE,30 NEW CROSSING RD,READING,MA,018673270,42.51809619399502,-71.0959083715027,190,0
9ae20827-c9b9-359b-a3fd-695d653640b3,e982819a-87b3-3124-a0f2-85f8afcc7731,Alfred550 Goldner995,M,GENERAL PRACTICE,140 COMMONWEALTH AVE STE 202,DANVERS,MA,019233625,42.5524742,-70.94443165548033,126,0
7fe903af-0a92-3ed7-bfab-cef6d342b65b,c60fc3df-9dbd-3f31-a456-41c84490266f,Lavonna163 Johnson679,F,GENERAL PRACTICE,146 MAC ARTHUR BOULEVARD,BOURNE,MA,025323902,41.7412166,-70.5989196,12,0
a30d1d40-3afc-3b53-b84a-dcf217624d63,883da606-d4ee-34ff-96c4-6e6be2e4dc30,Trey250 Wintheiser220,M,GENERAL PRACTICE,45 UNION STREET,NATICK,MA,017606056,42.2814862,-71.33753630597062,1,0
e722d889-a56b-397b-99af-482975523995,46daa26f-fda5-38a9-9c45-fda430d28fa6,Caryl47 Bernier607,F,GENERAL PRACTICE,25 RAILROAD SQUARE  SUITE 501,HAVERHILL,MA,018325721,42.7736752,-71.08561759491305,6,0
0fc502fb-4746-30a1-8f70-54aaf6e90464,c0132cf6-1703-3aad-89b4-cc2f2bbc123e,Lovie151 Schoen8,F,GENERAL PRACTICE,66 NEWTON STREET,WALTHAM,MA,024536058,42.3746705,-71.22789736306842,16,0
233de635-dc06-3be6-b1b4-cf06354374de,71d9e7fe-5a34-3f11-8edb-f79c482785fe,Alfredo17 Becerra708,M,GENERAL PRACTICE,42 CAPE RD,MILFORD,MA,017573292,42.1274477,-71.5195252,46,0
f321d5d5-2ada-33cb-895c-6efca05254fb,4f59f709-8b84-3d27-a04b-c6b7b5544413,Natividad796 Davis923,F,GENERAL PRACTICE,70 BOLTWOOD WALK,AMHERST,MA,010022271,42.3768779,-72.51840280783739,528,0
5ca3712a-5ab8-3eac-a627-3fadf873e61b,c4e5b33c-17b8-3f51-a8ba-a327d54e642a,Kaila152 Dibbert990,F,GENERAL PRACTICE,94 N ELM ST,WESTFIELD,MA,010852917,42.1322823,-72.7436679,423,0
d58d3879-3ba8-3817-8629-9fd84dc2dae5,36d328a2-68bb-3967-a9bf-00897a7c945f,Jettie913 Rodriguez71,F,GENERAL PRACTICE,299 WAREHAM STREET,MIDDLEBORO,MA,023462905,41.869676,-70.873384,13,0
dabcf599-8b4b-3b72-b17c-b8af28c8a4c0,5225cc87-6a30-303c-a882-5f001cee7f0e,Denis399 Boyer713,M,GENERAL PRACTICE,110 W SQUANTUM ST,QUINCY,MA,021712122,42.27259075,-71.03082765,49,0
e56743fb-2ade-3927-b894-8534ad93690f,6d6ef57e-b2ce-3a69-bacf-4305c51834b0,Lesha323 Skiles927,F,GENERAL PRACTICE,186 HIGHLAND AVE,SOMERVILLE,MA,021431507,42.38845955,-71.10666839512322,2,0
82dbbe26-6bec-35df-97c0-4b33496f124f,c25911bc-3240-358a-86ce-5f45bb8f0c53,Verdell500 Hammes673,F,GENERAL PRACTICE,325 WOOD RD,WELLESLEY HILLS,MA,024812188,42.3130588,-71.2738201,77,0
57d821ef-4cd2-3baf-bb46-55d1a0f6577c,a9f0c80c-2cc2-31ea-9ead-d13d373a6fe4,Mohamed943 Hartmann983,M,GENERAL PRACTICE,140 PRESCOTT ST,NORTH ANDOVER,MA,018451826,42.7052468,-71.11780689673651,11,0
027f4b1b-61c9-3337-811d-5d325dc23383,552ede7f-2ba4-39ef-9217-29d27b89b8a7,Shameka870 Reichert620,F,GENERAL PRACTICE,87 SHATTUCK STREET,HAVERHILL,MA,018302319,42.796917699999995,-71.05216081525802,8,0
4339c29b-2a88-3abb-b092-bc855de83640,a079d416-e8fe-3286-8ef3-6d289d7b5ad9,Nan75 Collins926,F,GENERAL PRACTICE,233 Stevens St,Hyannis,MA,02601,41.651745,-70.294235,432,0
0543394f-1f38-3b64-947b-a48e0cafb172,79d49935-bcc0-36ca-920b-45365c367438,Jamel269 Hudson301,M,GENERAL PRACTICE,409 W BROADWAY,SOUTH BOSTON,MA,021272245,42.336831,-71.047958,347,0
8d3aa8fd-24d8-32cd-a925-827df5184be3,0f2c58ec-5323-3c0f-9bdf-af0df7eb2a2b,Mana631 Boehm581,F,GENERAL PRACTICE,130 DORCHESTER STREET,SOUTH BOSTON,MA,021272642,42.3334312,-71.0494949,69,0
697e74cf-c10a-3d46-8c3c-8e04784eafe2,666c3e81-2ec6-3bff-9dcc-a704edd86960,Ivan258 McClure239,M,GENERAL PRACTICE,770 CONVERSE STREET,LONGMEADOW,MA,011061719,42.0639853,-72.5521444,14,0
f7addd2f-622f-3fa1-91db-eaec8c6bcd03,6e312f23-ad2d-3ea2-902c-1b85db8700b5,Lesli455 Mueller846,F,GENERAL PRACTICE,34 HAYDEN ROWE ST,HOPKINTON,MA,017481889,42.225762599999996,-71.51779715533439,13,0
90f3283d-bfcc-3534-be6b-1ebab2914e4a,680532c8-2661-3b39-875a-b6ec0746ccf5,Jolyn4 Dach178,F,GENERAL PRACTICE,30 ATHOL ST,ALLSTON,MA,021341124,42.36075595,-71.13397379082869,67,0
88a483c0-0c49-3d02-baa0-33f995272ee3,cc400ddc-c38d-3604-8d89-cea21555719f,Fritz267 Kirlin939,M,GENERAL PRACTICE,87 CHESTNUT ST,NATICK,MA,017603644,42.293559188306446,-71.35158050924959,487,0
1a394257-e310-303a-aa8d-fffd17e45b84,51370692-6296-3150-8672-559fc73f964f,Almeda560 Okuneva707,F,GENERAL PRACTICE,75 FRANCIS ST,WEST BRIDGEWATER,MA,023791542,42.0219112,-71.019004,193,0
c312b56f-6156-3a18-a086-9aeb75e728c4,10dcd91e-6eda-385b-bafb-d5e1ae92dc34,Susanne275 Abernathy524,F,GENERAL PRACTICE,677 W MAIN ST,HYANNIS,MA,026013493,41.652312699999996,-70.32027525205335,94,0
708652b7-3306-3126-9ec6-a6e4ed3a886f,362cc3af-dcb0-31d0-a2be-a5ba9d016aeb,Muriel394 Tromp100,F,GENERAL PRACTICE,629 SALISBURY ST,WORCESTER,MA,016091121,42.2932691,-71.8390048,3,0
287085ee-0eaa-3291-a84a-beaf88fd4f4b,cdc87240-38e9-36f8-959b-706642e01e11,Chun678 Armstrong51,F,GENERAL PRACTICE,243 CHARLES ST,STONEHAM,MA,021803559,42.4814675,-71.0924311,484,0
0fd4b421-0336-39d6-912d-8595685aba67,c6b019eb-28ec-36f6-abf3-bcc4d1d58966,Maren639 Aufderhar910,F,GENERAL PRACTICE,33 AVON ST,WAKEFIELD,MA,018802310,42.50403445,-71.07462951514611,385,0
b98ebcea-bd79-3172-a929-63d24980dba2,b5b380d2-df21-3389-abf0-08551c7e1f2d,Madeline975 Friesen796,F,GENERAL PRACTICE,85 PATTON RD,DEVENS,MA,014344401,42.5304204,-71.61505519305638,290,0
d7d8209a-45a6-3d9c-86b8-3ce92e827483,31e00f85-6909-3d9f-afc6-5ae507ab0c06,Josephine273 Collier206,F,GENERAL PRACTICE,382 GROVE STREET,BRAINTREE,MA,021847324,42.189369400000004,-70.98451984814267,98,0
8a4de840-a124-32cc-9b29-0fd7add1ea8a,dd8f40be-2c90-347a-abf6-c07a5ad4148f,Harold594 Bashirian201,M,GENERAL PRACTICE,105 CHESTNUT ST,NEEDHAM,MA,024922520,42.2784618,-71.23770041644639,44,0
d34ff7a5-4679-3d02-8f61-540d79857f85,7f2ffa4e-e192-3b51-b5ca-81bbf077f160,Damian46 Krajcik437,M,GENERAL PRACTICE,601 SHERMAN ST,CANTON,MA,020212025,42.1635341,-71.15024107129324,1,0
19af2654-1872-35dd-9cdf-edfdb6b6f412,06376cbe-4880-384b-b459-7ce3eef36ced,Lynwood354 Ratke343,M,GENERAL PRACTICE,387 QUARRY ST,FALL RIVER,MA,027231026,41.6932713,-71.1402431739568,246,0
3d9d915d-4b0a-3e2d-86ba-32796bfb656f,b3312a2d-37e9-35a8-b50d-6c165c437baa,Lorretta561 Reinger292,F,GENERAL PRACTICE,45 DIMOCK ST,ROXBURY,MA,021191029,42.32030665,-71.09721114916246,232,0
5c3f7596-2f10-3d43-8116-643d0254446d,6afea80b-1e56-3487-a326-f4a979f92c28,Vita624 Tillman293,F,GENERAL PRACTICE,34 BATES RD,MASHPEE,MA,026493280,41.61929295,-70.49056908851608,165,0
57e672c3-6a04-3345-a251-03ed007868c4,b6717471-7f78-32c4-b1c5-e3a6310553d7,Tilda804 Roob72,F,GENERAL PRACTICE,15 RAILROAD AVE,TOPSFIELD,MA,01983,42.6375935,-70.9494966,69,0
70b6f46e-3eb6-37bf-9665-6843f029a6fe,2836d9ac-c6a6-39d1-8f13-fdf0fc8928f4,Alysha630 Koch169,F,GENERAL PRACTICE,365 EAST ST,TEWKSBURY,MA,018761950,42.6069472,-71.2180803,2023,0
623a1215-9afe-3944-bf24-0730bfc45ecc,a2f8d8fe-665e-390f-8b9b-efdc0b14a77c,Pearlene638 Towne435,F,GENERAL PRACTICE,161 JACKSON ST,LOWELL,MA,018522103,42.6425382,-71.3093946,60,0
3ecbafcc-a560-326b-855f-5a5f0a57c01d,126b88f5-592a-3099-a433-c8b933f96d04,Kourtney511 Rempel203,F,GENERAL PRACTICE,573 GRANBY RD,SOUTH HADLEY,MA,010752122,42.23920485,-72.5586160752016,1,0
bc67718b-e2ca-3c3e-9ef6-2753ecfe540d,7dddc0c2-9f1d-3e4e-b2f2-fc7e6abbed31,Genevie117 Gibson10,F,GENERAL PRACTICE,160 MERRIMACK STREET  SUITE 1,METHUEN,MA,018446117,42.7334079,-71.13599310716302,6,0
00f4c76e-09b6-33ed-aa51-3ac74267ab0d,82c72223-f521-3a34-9b9b-4ff366365399,Shon148 Reinger292,M,GENERAL PRACTICE,2100 DORCHESTER AVENUE,QUINCY,MA,021691870,42.2509914,-71.0037374,670,0
ca295770-a73e-3449-b155-b545162d165f,470e2fc6-33df-31c6-a448-ac918dcc19d9,Tonita173 Swaniawski813,F,GENERAL PRACTICE,34 MAIN ST,HAMPDEN,MA,010369642,42.1226047,-72.2062130792683,3,0
02d58426-a98a-3927-8f4f-50ec01c25d5d,01516bed-cf23-30da-ad4f-967d65529743,Tena12 Davis923,F,GENERAL PRACTICE,67 BRIGHAM ST,NEW BEDFORD,MA,027402211,41.62716045,-70.9414201572985,113,0
d99168b5-19fe-33e1-978c-2573039f88fa,b5e6f1bd-c744-3556-9775-5ff8399eea33,Whitney250 Wiza601,M,GENERAL PRACTICE,2284 MAIN ST,CONCORD,MA,017423829,42.44300895,-71.42458458423982,120,0
adf35770-d0de-3bb8-aa9a-bba17b0f9fdc,423ee6a6-6928-3a01-a49d-9687361747a4,Kelley882 Yost751,M,GENERAL PRACTICE,7 LORING HILLS AVE,SALEM,MA,019704267,42.48646565,-70.90338797731044,4,0
979f9318-4b05-3596-a0cd-b8b1b562a7aa,7c625dc4-2593-31eb-95fd-6a912832b8bb,Ronny764 Braun514,M,GENERAL PRACTICE,980 WASHINGTON STREET  SUITE 124,DEDHAM,MA,020266704,42.228918,-71.18501264023513,13,0
af5434e8-0288-30ba-9939-465c442259c8,f22bc2ac-f8bd-3f9f-9a40-93db37639d3f,Kirk871 Erdman779,M,GENERAL PRACTICE,735 ATTUCKS LN,HYANNIS,MA,026011867,41.6747631,-70.29768515601289,35,0
f6d207cc-ea5c-3109-bf34-05158876d05c,719db77c-034f-3079-9b12-0d2ec2efeef9,Staci390 Murray856,F,GENERAL PRACTICE,1601 WASHINGTON ST,BOSTON,MA,021182006,42.3381394,-71.0748562,21,0
205f8436-d626-3bf9-b27e-91b255e3086a,04b252db-4231-3cb5-963d-6f096fb4b97c,Horace32 Grady603,M,GENERAL PRACTICE,1177 PROVIDENCE HIGHWAY,NORWOOD,MA,020625019,42.194543,-71.1994976,32,0
53f7c81c-5b52-3e27-8322-197188c802ca,83579123-f29c-39b8-9f5f-8f79e91683c7,Reggie481 Kassulke119,M,GENERAL PRACTICE,100 CENTURY DR,WORCESTER,MA,016061244,42.3138278,-71.7707002,150,0
04485f7e-5278-32ee-ba95-0469034ebb98,a94f4f6e-88ad-39ff-a935-dc87f13327b1,Fae378 Wiza601,F,GENERAL PRACTICE,370 WEST STREET,LEOMINSTER,MA,014532073,42.535877150000005,-71.77537115047085,6,0
9ec1553b-74bd-32ca-ab1f-a17ab1d70854,94f6a3ae-7d8d-3cbc-a788-e400732da7e5,Malcolm243 Kuvalis369,M,GENERAL PRACTICE,450 WEST RIVER ST,ORANGE,MA,013649603,42.5928702,-72.32953998953418,54,0
d7d68891-d2ea-3ce5-86a6-5faad41c8412,4bde4cbc-55f7-3501-90eb-2c88178c7be1,Mireya881 Nikolaus26,F,GENERAL PRACTICE,50 MEMORIAL DR,LEOMINSTER,MA,014532238,42.541995,-71.7628835,62,0
9ef5b189-8945-39e5-8ccc-949acc407854,e2eab39c-5195-34aa-b35f-e89e37cfed01,January966 Roberts511,F,GENERAL PRACTICE,55 FOGG ROAD,WEYMOUTH,MA,021893141,42.175539799999996,-70.9539153674405,838,0
2e6badd2-7a3c-353a-b6f0-bf52ad0ca726,4fa8411f-42f8-3353-8947-bf15254c9dee,Lane844 Gutmann970,F,GENERAL PRACTICE,90 GREENWOOD STREET,WAKEFIELD,MA,018804039,42.476321150000004,-71.06922169005762,31,0
7c1362e3-f407-3143-9705-433d1fc1eb71,21989e2e-249c-3b79-acf0-240211e16b4b,Hung902 Ullrich385,M,GENERAL PRACTICE,1290 TREMONT ST,ROXBURY,MA,021203432,42.3327398,-71.09194864251029,111,0
f6e5077e-1bc7-318b-95df-3520bec37c2f,a977feef-f585-3fa8-8deb-7e60fc2cab30,Kimbra238 Schulist381,F,GENERAL PRACTICE,2314 MAIN STREET,TEWKSBURY,MA,018763128,42.58023655,-71.19367180835906,27,0
a87655c9-39fa-3d53-a275-14d60cf4c8ba,1de7e7d9-9a7a-3a3f-bf4c-b4de450711f2,Vince741 Morissette863,M,GENERAL PRACTICE,198 LITTLETON RD,WESTFORD,MA,018863429,42.564282,-71.42620615382347,101,0
7663cbe4-f815-3f3b-aca7-2375f84c86a4,940d491c-ad61-3bd3-9054-d6d884280934,Morton637 Huels583,M,GENERAL PRACTICE,321 CENTRE STREET,DORCHESTER,MA,021221112,42.29394375,-71.06005213312326,4,0
1ae1be82-6cb4-31f1-b46e-0eefe9053ace,68503514-203a-3202-ac09-ea411c96caec,Teodoro374 Kovacek682,M,GENERAL PRACTICE,309 TEATICKET HWY,TEATICKET,MA,025365625,41.568302200000005,-70.59404025373951,37,0
ea1de67b-d560-37c2-b282-3e486a4cce51,f52777bd-7313-3b27-8dd5-cd3f87bd3275,Shane235 Torphy630,M,GENERAL PRACTICE,9 HOPE AVE,WESTWOOD,MA,020902914,42.2139873,-71.2244987,239,0
03ad9871-5949-3ef4-90d4-74fdc97d0368,df3f566c-97e5-31ed-b0fe-4b452666f736,Sandie760 Rodriguez71,F,GENERAL PRACTICE,300 CHESTNUT ST,NEEDHAM,MA,024922477,42.27522125,-71.23743483674366,56,0
4bd66030-9fed-3cf3-ac60-e7adedf9d329,05cc5056-7af4-3afb-9a5a-d7a1c23a2509,Lauryn321 Lehner980,F,GENERAL PRACTICE,2069 ROOSEVELT AVENUE,WEST SPRINGFIELD,MA,010892595,42.105237,-72.6213712,12,0
24fb02b3-f893-39c9-b9a8-007d88abdf3a,4705a8fd-19cd-32c1-8b3e-34bcfe84d0bd,Jimmie93 Mayert710,M,GENERAL PRACTICE,55 N WASHINGTON ST,NORTH ATTLEBORO,MA,027601607,41.983529,-71.332241,210,0
2002e675-b41a-35bd-b1d7-8b48d799c216,f5ccbb53-e4a0-32e5-a693-02150497a8f4,Astrid395 Huels583,F,GENERAL PRACTICE,100 HIGHLAND ST,MILTON,MA,021863881,42.250705749999995,-71.07724199194602,52,0
9259539b-c25a-3d2c-8f03-16802c8b6afe,497f39dd-280e-3d58-af5b-c5e3a3a09b10,Randy380 Bergstrom287,F,GENERAL PRACTICE,27 PARK ST,HYANNIS,MA,026015230,41.65363635,-70.27352219234834,5171,0
9be67c40-62e5-3894-959b-04e7d043ee85,f2a6c4f7-f5b2-361a-95c4-3d635b352a46,Marshall526 Lynch190,M,GENERAL PRACTICE,546 SOUTH STREET EAST,RAYNHAM,MA,027671079,41.8984957,-71.03751432894776,35,0
5e415328-94e2-38b0-a38b-10a6cb8359a0,b0762027-dc86-335b-8310-f4f031c1caca,Buena501 Swift555,F,GENERAL PRACTICE,765 WEST CENTER STREET,WEST BRIDGEWATER,MA,023791517,42.01302315,-71.05345585281756,15,0
069e5090-893e-34c2-9330-f8bdcc990d2e,eaaf102d-0188-3a69-a751-030645e2a7b0,Errol226 Kiehn525,M,GENERAL PRACTICE,605 MAIN STREET,WAREHAM,MA,025711031,41.76766153042966,-70.73096212925822,31,0
fda99b3c-8c20-30d6-9d13-efb2a6847f9b,578b56de-fe9c-32e1-aea4-876f8bc01e9c,Agnes294 Dooley940,F,GENERAL PRACTICE,49 HILLSIDE STREET,FALL RIVER,MA,027205211,41.707406500000005,-71.14593659462452,672,0
feae6972-8c52-344b-bc0e-dd367a7cd1ec,5608c6ae-1f1d-368e-8172-aea4d9d2aefd,Karin721 Sporer811,F,GENERAL PRACTICE,12 KENT WAY STE 210,BYFIELD,MA,019221221,42.75468625,-70.9451078257969,1,0
2cc7e7f6-7afc-3aae-a972-fd1d4925100a,0d7fd824-1c7b-3f8b-a662-f6c2005e82e1,Anita473 Llamas954,F,GENERAL PRACTICE,88 MASONIC HOME ROAD,CHARLTON,MA,015071394,42.1389039,-71.9782681,56,0
71c035b0-d69f-36cb-b65b-2e13eef6c842,a525d084-5a8f-3859-a048-2130a4092ec8,Linette249 Runte676,F,GENERAL PRACTICE,2 MOUNT ROYAL AVENUE  SUITE 350,MARLBOROUGH,MA,017521976,42.34042135,-71.57841367654626,28,0
710558ca-5c95-3ee9-a72b-e279b0b0e0c4,accb8cdd-6560-3fef-b0a6-f12c3295026a,Gerardo48 Bergstrom287,M,GENERAL PRACTICE,969 PARK STREET,ATTLEBORO,MA,027035115,41.9266899,-71.2611303145582,97,0
6c6153a2-fe27-34c5-a8e9-fe87091cebc8,6618f4ef-656a-347f-b61e-ed4d6c21763a,Marc757 Greenholt190,M,GENERAL PRACTICE,231 SUTTON ST STE 1A,NORTH ANDOVER,MA,018451620,42.70554405,-71.12856345,123,0
c322a49c-42b0-3168-8f01-d1e8ac68b5cd,83445caa-116b-3a1e-a75e-8104d321c4c3,Peter292 Crona259,M,GENERAL PRACTICE,315 MAIN ST STE 101,NORTH READING,MA,018641326,42.596733799999996,-71.11988300141903,98,0
3e2d8a06-d2d5-3e70-a0eb-93db1aeb1f46,7445ae34-b648-3d3a-b8cf-0eb630061b6e,Óscar156 Huerta329,M,GENERAL PRACTICE,34 CEDAR ST STE 4,WEST ROXBURY,MA,021324338,42.2792649,-71.1494972,1,0
1ce50b93-4085-35cc-9d48-00349133cff0,a2df2aea-9c53-31f4-baea-02ea5ea1e553,Almeta56 Lehner980,F,GENERAL PRACTICE,95 LAUREL STREET,GREENFIELD,MA,013013106,42.58163075,-72.61795013515538,24,0
0615d92f-9fa6-35b8-8f10-16962e3f7863,390a2aa4-70b4-3a64-a12f-9bd777834c8d,Sergio619 Colón139,M,GENERAL PRACTICE,710 MAIN STREET,HARWICH PORT,MA,026461931,41.669654699920855,-70.06169919459835,226,0
6c8155b3-99dc-316c-baab-f8b7f90bfad3,b52544d0-e4d4-37b4-a0cc-cd31ce2ad580,Renna830 Fahey393,F,GENERAL PRACTICE,575 OSGOOD ST,NORTH ANDOVER,MA,018451975,42.700032750000005,-71.10447421114826,4,0
23296e67-3dd3-38fb-b89f-965b530d4ef9,18a96051-91f4-3cba-af96-056ea14dfee0,Gaston250 Grimes165,M,GENERAL PRACTICE,25 HIGHLAND AVENUE,NEWBURYPORT,MA,019503872,42.81369325,-70.89091645747592,2067,0
4e51d246-f87b-31af-8975-e50a3c70fc27,c5d5a544-0277-342f-8422-d30848a82438,Adela471 King743,F,GENERAL PRACTICE,151 ROCK ST,FALL RIVER,MA,027203201,41.70365955,-71.15259151299796,37,0
b84e5a2b-9292-3950-8c94-7f1107b1e229,c2e93fb4-abf2-3210-b6ec-4d1ecb2b76f0,Francene766 Halvorson124,F,GENERAL PRACTICE,62 BROWN ST,HAVERHILL,MA,01830,42.76512700000001,-71.04617174286321,56,0
2836567e-099d-387c-a5ae-8907634921cf,1ab2b5f9-cb95-3236-beec-9b9d4a407c61,Carroll471 Eichmann909,M,GENERAL PRACTICE,725 NORTH ST,PITTSFIELD,MA,012014109,42.4600752,-73.2492795834909,549,0
35187da5-f468-3643-be44-a5b6e8dc0b8a,1214a335-7c67-3a89-8066-6398b0f92717,Angel97 Corkery305,M,GENERAL PRACTICE,1190 VFW PKWY,WEST ROXBURY,MA,021324208,42.28120455,-71.1703629049206,1,0
881a9f06-5fac-33e2-aab4-30c50e9ac0c8,07ae483b-b351-3add-8b05-afba832b88ea,Lanette41 Murray856,F,GENERAL PRACTICE,5 REDLANDS ROAD,WEST ROXBURY,MA,021321506,42.2879347,-71.15108161583282,9,0
e1c58a3f-5e94-3bb4-a533-bc79e7585d48,ec509895-6196-36d1-b91e-272bed7e6196,Jenae263 Veum823,F,GENERAL PRACTICE,40 ARMINGTON ST,ALLSTON,MA,021342406,42.3521617,-71.1375176,18,0
d78ac2ce-ae87-3903-9e59-110b0e6fa038,4f27686f-c8aa-3dd8-b272-f98bb903b3d7,Keila316 Walker122,F,GENERAL PRACTICE,1044 PARK ST,STOUGHTON,MA,020723762,42.10978265,-71.07043286195213,2,0
e034dad7-a549-379a-b9da-e5c4ef2296cc,a43fd704-ddbc-3f63-b3a0-e97c5d42ab5e,Alysia661 Bogan287,F,GENERAL PRACTICE,447 HILL ST,WHITINSVILLE,MA,015881016,42.1216837,-71.6715608,2,0
c8a27e9c-aea7-3046-92fc-be4a5fe48011,aebbaa5c-2d54-3002-8042-83f6513ccbd2,Kellee902 Buckridge80,F,GENERAL PRACTICE,14 TOWNSIDE LN,WALPOLE,MA,020813541,42.1528227,-71.24396289112357,81,0
e01035b3-b6d8-3b98-a73d-52a5fc7bb70c,1bed5229-19d7-3168-94a2-f1f2abb00270,Allan198 Moore224,M,GENERAL PRACTICE,88 WASHINGTON ST,TAUNTON,MA,027802465,41.9062805,-71.09518121351795,330,0
848eaee2-60a1-3539-a16c-7b29a09687b1,41e2a44c-477c-3511-96f9-12c476aa3b6a,Antwan357 Lindgren255,M,GENERAL PRACTICE,85 E NEWTON ST,BOSTON,MA,021183553,42.336277100000004,-71.07085295687423,1955,0
22197eef-b1aa-3b7b-9ec8-9c1651e1ac2b,f00601d0-d49e-30ed-bc3e-314379f2103e,Mitsue965 White193,F,GENERAL PRACTICE,490 MAIN ST,MELROSE,MA,021763841,42.4550741,-71.0654799,147,0
58a07e21-74fa-3b47-9d83-a4fa4fda5558,97a14f8a-1b8c-3b40-b5bd-f44f1440c1ba,Vincent299 Bergnaum523,M,GENERAL PRACTICE,23 WHITES PATH,W YARMOUTH,MA,026733200,41.6501114,-70.2411312,193,0
17e566d4-3e54-32d2-8f96-1f5bfaa9ffe2,08a245b0-5f91-323e-a467-5df39c62fb75,Ray930 Lueilwitz711,M,GENERAL PRACTICE,39 QUEEN ST,WORCESTER,MA,016102433,42.2576289,-71.81397814307789,1,0
d38d67d8-8025-3a90-b971-7b6682ac1097,9d41e4fc-9507-3ddb-82ad-966046fca031,Cleo27 Lehner980,M,GENERAL PRACTICE,104 RANDOLPH ROAD,WORCESTER,MA,016062465,42.29955605000001,-71.79838133819244,6,0
a32ca7da-9fb3-3c8e-8dff-c127c4911fb4,71a1e089-024e-3255-a536-9204586fa4fc,Allyson474 Doyle959,F,GENERAL PRACTICE,1 GORHAM IS,WEST YARMOUTH,MA,026733200,41.6501114,-70.2411312,5,0
357cecbf-dd5a-39c3-84f3-2b8db79fb6f6,5b0cd0a0-f277-3a66-bee6-d64b5be4a3f5,Maryann106 Hintz995,F,GENERAL PRACTICE,725 NORTH ST,PITTSFIELD,MA,012015493,42.4600752,-73.2492795834909,932,0
3ac32ca9-5cb0-3684-830f-8c033bfad0fe,edbb9e9c-3440-3b38-abfc-83a8f0b6bebc,Temeka297 Huels583,F,GENERAL PRACTICE,273 OAK GROVE AVE,FALL RIVER,MA,027232315,41.70179473202871,-71.13310371798859,4,0
fa62ddfd-358f-362b-9787-6e646f0c8610,c8c30d67-e7cc-30ab-972d-28e97aff18a7,Jackie93 Emmerich580,M,GENERAL PRACTICE,100A WARREN ST,BOSTON,MA,021242012,42.3279429,-71.0831806,32,0
0ea66dfa-8bdf-3d68-b4de-826ead735587,79a06fd6-9f2b-35e3-9b11-0bc5ff89e17c,Waylon572 Kovacek682,M,GENERAL PRACTICE,225 Boston Road  Suite 107,Lynn,MA,01904,42.470093,-70.95994,1092,0
0e211ad8-323a-3487-a802-02fc9c01dc77,0a42bb03-b1a7-347d-82f3-4ba02080e55c,Niesha86 Friesen796,F,GENERAL PRACTICE,332 WASHINGTON STREET,WELLESLEY,MA,024816217,42.310362049999995,-71.27601802190625,134,0
f84ddbd0-450c-30df-9336-31dd7a7db95a,d2ff60c8-34c8-359e-a9c5-e4f3da28b330,Clyde817 Konopelski743,F,GENERAL PRACTICE,199 Main Street,Gloucester,MA,01930,42.613102,-70.66085,3,0
89b2d492-e552-3c76-b07b-ce56111ef4e8,4956f573-3dc2-3a67-9692-2f57451744e6,Kathe603 Davis923,F,GENERAL PRACTICE,400 BOLTON STREET,MARLBOROUGH,MA,017523912,42.35966285,-71.55290125539051,11,0
a4c5f9e3-bbd6-3600-b1d3-4ca7609fe331,69195f53-626c-3031-b4de-d0b206f75d8c,Ronni748 Wiegand701,F,GENERAL PRACTICE,174 FOREST HILLS ST,BOSTON,MA,021303353,42.306401050000005,-71.10237442688054,5,0
b42561a2-c7db-3d00-b103-acd40192edb4,b44955d1-f0e2-3beb-a013-708a81dbe430,Idella49 Runte676,F,GENERAL PRACTICE,680 CENTRE ST,WEST BRIDGEWATER,MA,023791600,42.0219112,-71.019004,102,0
516bcb36-293e-38cc-88e4-c9949f18a1e5,363631be-d437-3548-98c2-d10b909c1721,Monty345 Ferry570,M,GENERAL PRACTICE,50 MANSION DRIVE,ROWLEY,MA,019691026,42.73718535100735,-70.88053187301136,81,0
65d23af7-a872-3778-aa62-f26a08031ed9,c0e23859-5a95-3aa0-8c3b-0143df64f507,Abraham100 Grant908,M,GENERAL PRACTICE,188 COMMONWEALTH RD,WAYLAND,MA,017785027,42.318727100000004,-71.36211489369597,1,0
e58d002c-1c7f-3961-b9de-c71d77a400e2,c1986c0c-f756-3596-8f90-08adacf220fe,Cristy798 Auer97,F,GENERAL PRACTICE,73 CHESTNUT STREET,SAUGUS,MA,019061605,42.4573919,-70.9918055,8,0
f5719f97-1317-33db-be39-5da2a6de8b35,81bf8321-f3b9-329d-8c7d-e50fc1141351,Nancy265 Bode78,F,GENERAL PRACTICE,35 WINTER ST STE 301,HYANNIS,MA,026013893,41.6528525,-70.28654323707113,24,0
249d5732-9e79-39f1-b03f-079e08e92619,55938b80-634f-3332-b0e5-ee3dbe66f549,Raymond398 Schuster709,M,GENERAL PRACTICE,235 HANOVER ST STE 105,HYANNIS,MA,026012433,41.6534847,-70.2823732,181,0
48f2c2fc-8a9f-397e-a998-dc04d2a241b4,ad2dab07-4f85-3950-baaa-7c7cd2aa770c,Federico589 Kuhic920,M,GENERAL PRACTICE,55 LAKE AVENUE NORTH,WORCESTER,MA,016550002,42.2774799,-71.76166994969458,389,0
fa14081c-1c7c-3564-9f5b-c754a0165e8e,18b1bb7e-2f93-3253-a7ae-d19c13ffeaa1,Patty600 Bashirian201,F,GENERAL PRACTICE,29 E 29TH ST,WEST NEWBURY,MA,019854201,42.8014795,-70.989778,162,0
e74e6d7d-e91a-3aa3-b133-3ebd95773913,67d2f85b-ddc7-3ed0-b90b-6fa5b7b8358a,Norah104 Jenkins714,F,GENERAL PRACTICE,43 FOUNDRY AVE,WALTHAM,MA,024538313,42.37050535,-71.21908334877376,175,0
2ec9de4b-d882-3a8e-8448-ff47880452f0,514c9360-e5ed-3ba7-ba3c-15b249c097d0,Sid118 Wilkinson796,M,GENERAL PRACTICE,272 WASHINGTON ST,GLOUCESTER,MA,019304818,42.624039100000005,-70.67854005962928,1,0
464828c4-280e-3e66-9a84-a9a57138489d,1d45436f-15a9-326e-a452-2e9ffc9fc5e5,Odilia72 Mraz590,F,GENERAL PRACTICE,75 SPRINGFIELD RD,WESTFIELD,MA,010851832,42.111428849999996,-72.71189899299209,202,0
7f0a1569-d00d-3a7c-abb8-75fbd9ba6bf6,ce89d7ed-54eb-3eae-881a-15df8e631c47,Jamar151 Howe413,M,GENERAL PRACTICE,36 WILLIAM STREET,LEOMINSTER,MA,014533276,42.5267443,-71.7614891,4,0
81c9248c-ea03-38ea-b87c-901e92934d5c,0d9b0d22-585e-3fd8-ab02-26b5be7915d1,Jean712 Koelpin146,F,GENERAL PRACTICE,516 CAREW ST,SPRINGFIELD,MA,011042330,42.12133575,-72.59217953646302,544,0
e9b9e506-c6c5-375f-8499-8aef52688f5d,e4dbbb2f-5a51-341d-b5a5-dd91b968b217,Errol226 Gaylord332,M,GENERAL PRACTICE,329 WASHINGTON ST,NORWELL,MA,020611737,42.16319935,-70.86354427737673,2,0
41273945-7725-35bb-9ef3-8fadeee2007c,d3335d07-2a2c-35d7-9b87-c022393b6793,Nancie476 Lubowitz58,F,GENERAL PRACTICE,137 NICHOLS STREET,NORWOOD,MA,020622009,42.1930792,-71.20868232395514,23,0
4f0c6e63-56ba-352c-8a0b-4692b474b72c,0d1570ab-371c-3898-9397-95905d8c5166,Santina680 Dicki44,F,GENERAL PRACTICE,750 WASHINGTON ST,BOSTON,MA,021111552,42.3499038,-71.0631836,841,0
cca3ae29-77d5-3964-8d57-938269cf52f9,1853aeef-5897-326a-80d6-aa4b0459eb6d,Kendra609 Kassulke119,F,GENERAL PRACTICE,381 WICKENDEN ST,ATTLEBORO,MA,027032247,41.9438129,-71.2806515,246,0
d33cbe94-6e5d-359d-adae-857c122586ec,4b7e26e6-e5b1-38c9-b4ac-fde9a0f93177,Maggie320 Eichmann909,F,GENERAL PRACTICE,38 BROAD STREET,QUINCY,MA,021694604,42.2560352,-70.99469254391217,129,0
15b5b4ea-ca12-3ad2-9a34-848e293c7a45,93552c27-f173-385f-8849-ee56c25f638b,Magdalena964 Ocasio180,F,GENERAL PRACTICE,359 HIGH ST,GREENFIELD,MA,013012617,42.6033006,-72.58135309677492,3,0
93e5d437-42fc-3c01-89e5-64963e6f15d6,a874a173-73c8-36f3-a63e-12bdc9f5cf0c,Debi992 Koch169,F,GENERAL PRACTICE,389 ALDEN RD,FAIRHAVEN,MA,027194451,41.6653607,-70.90239993216616,4,0
eb1d48ac-1602-3165-837e-bf635fa30c59,f3030ee3-dfa5-3595-b684-9769e52a580a,Carter549 Torp761,M,GENERAL PRACTICE,88 MASONIC HOME ROAD  DAVENPORT BLDG  2ND FL,WEST SPRINGFIELD,MA,010891357,42.105237,-72.6213712,17,0
c1ef9b89-e111-3394-a246-c3d8a21189c4,94dda4e1-7476-367a-b1f8-37ea7f61a1b7,Chanell45 Robel940,F,GENERAL PRACTICE,145 WARD HILL AVENUE,WESTBOROUGH,MA,015811017,42.2694308,-71.6129907,52,0
e2ca9d9b-f08f-37fd-9c63-fd643e2073c6,01bb7b5c-f850-3c4e-a3f1-442d8273559a,Charley358 Effertz744,M,GENERAL PRACTICE,395 PLEASANT ST,NORTHAMPTON,MA,010603914,42.3150543,-72.62555561349089,219,0
6a8064c2-de6f-37ae-8055-a9f2af9c5d8c,bdaa3017-130e-34e9-b3ac-ca6d992e8b50,Theron432 Bednar518,M,GENERAL PRACTICE,150 WATER STREET,HAVERHILL,MA,018306213,42.77508795,-71.07182802882255,4,0
04edba47-d1e9-3020-9001-41f3c1e27cec,22fa6d28-92b6-3446-a388-f5aba50debaf,Clarence5 Robel940,F,GENERAL PRACTICE,123 CAPTAIN'S ROW,CHELSEA,MA,021504019,42.3917638,-71.0328284,74,0
ede4974a-e432-3e53-a2fc-0467b23462c4,8a87ef73-eaa2-340a-bec5-c3cef01ef836,Kristle148 Rodriguez71,F,GENERAL PRACTICE,3 PARK DR,WESTFORD,MA,018863511,42.556814700000004,-71.43463308318695,2,0
49508523-cacb-316b-a4bb-22b4848dc3b3,2ca615f3-87f7-3283-a447-d919a883b676,Roberto515 Macías944,M,GENERAL PRACTICE,1399 WASHINGTON ST,HANOVER,MA,023391653,42.1441354,-70.8440854,27,0
054ada2c-0740-32b9-a85e-ce0a956da3a5,c0a33465-d309-3d2a-932e-9d554a7cc19c,Nathanael908 Rogahn59,M,GENERAL PRACTICE,100 CENTURY DR,WORCESTER,MA,016061244,42.3138278,-71.7707002,119,0
cece65c2-2039-3aa1-8354-9f34671cbe6a,0583e4f7-f1c2-3100-8e0c-d0decc7ef261,Dusti191 Howe413,F,GENERAL PRACTICE,123 WATERHOUSE ROAD,BOURNE,MA,025323890,41.72840155,-70.58506829999999,44,0
45bf8e95-0935-3c73-9d95-c36be4b5cc22,ce81052f-7c77-3cd7-8c30-930339a79ceb,Mathew182 Cummings51,M,GENERAL PRACTICE,363 ALBANY ST,BOSTON,MA,021182503,42.342456,-71.062887,31,0
8b242214-0825-3499-8fec-8d34a2709fac,689f8809-c101-38db-b3c9-580b4c37f268,Joel444 Bins636,M,GENERAL PRACTICE,364 STATE RD,VINEYARD HAVEN,MA,025685624,41.44720825,-70.61474940346154,265,0
64783809-78c5-3769-8b18-e1bbc933ab6a,7f32dd7d-5c35-3ddb-839b-8fbbb930d412,Luna60 Littel644,F,GENERAL PRACTICE,863 CENTRAL STREET,FRAMINGHAM,MA,017014813,42.30758060362541,-71.42846215724606,17,0
1615c6fc-76d6-34af-8dae-ae5c30561266,65bd3883-56ee-3eea-8e86-b7e677a30727,Wilhelmina724 Block661,F,GENERAL PRACTICE,150 FLANDERS RD,WESTBOROUGH,MA,015811017,42.2770724,-71.5679154706427,2,0
7ffbd956-fea7-3046-bc54-e41db1af41e7,6450f09c-28fc-3815-abfb-62056b72e508,Bobbi508 Dicki44,F,GENERAL PRACTICE,20 RESEARCH PL,NORTH CHELMSFORD,MA,018632455,42.6389798,-71.3828403,18,0
605d7c0d-a6f4-38dd-a02c-1e81a59ac948,51d38e67-9350-39b8-bbb3-91cc879ae415,Millie392 Hoppe518,F,GENERAL PRACTICE,335 NICHOLS ROAD,FITCHBURG,MA,014201932,42.598254850000004,-71.80841914533654,15,0
2a28d634-42b7-399e-9317-725f54233c35,80646050-1c76-3046-bbc8-fd5f0b7c34e6,Rosalia943 Barajas558,F,GENERAL PRACTICE,140 ARNHOW FARM ROAD,FITCHBURG,MA,014201369,42.5903661,-71.8119837,193,0
2856424e-0747-3856-9110-0cab12d44367,0a689d33-2b0d-3942-8de8-e28812e91c69,Clora637 Pagac496,F,GENERAL PRACTICE,47 SEAVERNS AVE # 5,BROOKLINE,MA,024463806,42.3317642,-71.1211635,265,0
bef2b7fc-98fe-3380-b45a-5dde2f8207a9,cac6f8b3-eafd-31b3-9fa3-8015752ccc2c,Jessie665 Pagac496,M,GENERAL PRACTICE,123 SUMMER ST,WORCESTER,MA,016081216,42.26496835,-71.79655403681465,214,0
e3a2ae24-3d9a-3755-9be8-01ba0f3c9161,e02d9c87-52cb-3f3c-9f97-fe95f260c437,Sheldon401 Hoeger474,M,GENERAL PRACTICE,321 MANLEY STREET,WEST BRIDGEWATER,MA,023791022,42.0338457,-71.05496436428572,8,0
57110052-d95f-3440-ad0d-1f485802d64a,6e517750-a29e-3170-a02b-5733ff523458,Margarita164 Abbott774,F,GENERAL PRACTICE,101 BARRY RD,WORCESTER,MA,016091275,42.3030701,-71.8333408960994,145,0
6c338a30-d944-383c-a345-7949a5da59b6,d36eba4a-0dfb-3a26-b9fe-eb74594bbe3c,Bonita405 Boyer713,F,GENERAL PRACTICE,1350 MAIN ST,WORCESTER,MA,016031550,42.2416259,-71.85047518091996,2,0
08f42958-d56e-3e4c-a718-21ebb1d6fdd3,1b3fe590-8793-3f08-865d-01fc425a84d4,Mathilde204 Wintheiser220,F,GENERAL PRACTICE,1340 BOYLSTON ST,BOSTON,MA,022154302,42.34392675,-71.09888049065322,333,0
8f7b4817-7fc1-3bb9-b30f-7faa2190da0c,0be0e035-8dad-387e-bbdd-a5a469c4311f,Deane47 Howe413,F,GENERAL PRACTICE,480 MAPLE ST,DANVERS,MA,019234065,42.584178050000006,-70.97197467750539,335,0
e130dad6-35bc-3cd0-9483-c5616f681239,3f12ebb4-e03c-3453-88d2-4fc9682383df,Erwin847 Stiedemann542,M,GENERAL PRACTICE,726 COUNTY ST,NORTH DARTMOUTH,MA,027473603,41.6389926,-70.9703171,221,0
78025eab-8043-3561-ab8a-6c4f0e72b85c,a9fc7aa5-d3b3-314d-9cf7-af29051d3dd9,Olevia458 Hermiston71,F,GENERAL PRACTICE,1193 SEA STREET,TAUNTON,MA,027803960,41.8946107,-71.11113,25,0
b32a6885-cacc-3875-ac74-f9b2a13f8df4,477c3c1a-ba1a-3102-8a91-56624ba236e4,Denver542 Davis923,M,GENERAL PRACTICE,642 BOSTON POST RD,SUDBURY,MA,017763302,42.36142375,-71.44123077142632,1,0
b7384a19-be8d-3c66-a92f-c6305ddaae90,9c9d017c-0a4d-3e03-9802-4d310ea05c71,Isiah14 Schaefer657,M,GENERAL PRACTICE,70 FULTON ST,BOSTON,MA,021091402,42.362439499999994,-71.05377386223965,2,0
a8666dd8-17c0-3deb-ad17-567c3c9521bd,8ec2ca51-abb4-35dd-b90f-6c6aad6d2124,Oda116 Conn188,F,GENERAL PRACTICE,22 JOHNSON STREET,PEABODY,MA,019602311,42.54644385,-70.99288129112277,101,0
fc70d0f8-b3cd-3638-a5f3-087d75348be4,ea468462-3080-302e-b405-9127a396c310,Caroll955 Rowe323,F,GENERAL PRACTICE,600 CUMMINGS CTR STE 270X,WOBURN,MA,018013200,42.4792618,-71.1522766,1,0
580838ac-cbf2-3379-831b-bc7e5f1954b8,8af3b144-0e1a-3c90-937d-81a4ed026080,Guillermo498 Fay398,M,GENERAL PRACTICE,800 WASHINGTON STREET,NORWOOD,MA,020623489,42.1886973,-71.2005241,518,0
473d1b54-c898-3b8e-88a9-1c97da04c548,9fdce5d5-d4d0-3156-a8d5-8757bfe4e9b3,Rosario163 Kilback373,M,GENERAL PRACTICE,1 FARMER CIR,ARLINGTON,MA,024742866,42.42405225,-71.16792616556859,355,0
5d5974b7-3c02-3911-b4d8-05c78b496ce0,86f41096-d81f-3e26-b770-b26adc017d3e,Floyd420 Prohaska837,M,GENERAL PRACTICE,288 WASHINGTON STREET,QUINCY,MA,021695523,42.24983615,-70.9902487341626,6,0
9c4809aa-4590-343a-8017-2b4c9bfa3633,a35fd733-dc1a-33f0-a308-292ff5581287,Phil587 Schaefer657,M,GENERAL PRACTICE,15 STRAW AVE,FLORENCE,MA,010621491,42.335654,-72.663286,36,0
543c6719-d3c0-3f77-b074-e6ca7ceb5430,b014aec7-7bd8-351f-8808-3e280cbc5be6,Sergio619 Volkman526,M,GENERAL PRACTICE,70 EAST ST,HAVERHILL,MA,018306700,42.7777829,-71.0767724,193,0
042dc088-b3c0-3f61-bf8a-46556bd71ab4,5cf11f0d-eea6-39bb-b83a-bd99e4259b83,Austin578 Hackett68,F,GENERAL PRACTICE,190 NORTH AVE,HAVERHILL,MA,018302238,42.801287200000004,-71.08349835346564,1,0
bd617cde-4d75-39f4-94e6-19a5394d5e83,b3b56527-d366-3353-bca9-266a12f23051,Roberto515 Granado100,M,GENERAL PRACTICE,60 QUAKER HIGHWAY,UXBRIDGE,MA,015691628,42.06100105,-71.62352848737622,37,0
98b9727e-06f7-345b-bff9-12ff6774c7d2,f1664435-2eca-3eff-bd1a-13701e7ad1bd,Rosa195 Marks830,F,GENERAL PRACTICE,300 PASTEUR DRIVE,NEWTON,MA,024592058,42.3370414,-71.2092214,8,0
ef9f85c7-708e-38a6-9e3c-c6dd0899cd97,125eccb3-d003-34ea-9bd8-360dff059782,Mickey576 Gerlach374,M,GENERAL PRACTICE,125 PARKER HILL AVENUE,DEDHAM,MA,020266146,42.2489143,-71.1755732,292,0
f88a99c9-34f9-3092-9802-0c08278d2cc2,c5742266-625d-3824-9ed3-4b5c6bc3e296,Rod343 Goyette777,M,GENERAL PRACTICE,22 BRAMHALL ST,SCITUATE,MA,020664312,42.1939754,-70.7697128,116,0
354be7a2-6573-32f9-a192-992bc7ee00c4,68027854-a51a-324b-8f20-2da7be608ebf,Ruth999 Legros616,F,GENERAL PRACTICE,50 RECREATION PARK DRIVE,HINGHAM,MA,020434206,42.176395,-70.90419664699353,7,0
650ebe6f-2ab3-3f9a-ad88-41026ce85721,52323856-2b6a-3c09-8277-7d4ff9cb325a,Robby860 Schuster709,M,GENERAL PRACTICE,99 PARK STREET,BROOKLINE,MA,024464406,42.3398029,-71.1238599,4,0
4225416b-2d96-3eed-a1b4-b1f3e6b0c473,b242f971-3c74-3778-b148-81366c1e6a3f,Jaquelyn689 Bernier607,F,GENERAL PRACTICE,10 CAREMATRIX DR,DEDHAM,MA,020266149,42.2270762,-71.17237295563174,17,0
2a6aa398-970d-3414-95cf-ca8da485ca16,e5b9db6a-8dd8-3622-b9ce-3dc593e111d1,Harvey63 Tromp100,M,GENERAL PRACTICE,1223 BEACON ST STE A,BROOKLINE,MA,024465332,42.3430087,-71.1170155,137,0
a1e33552-f858-34da-a35e-33bcd0dcf29f,36c8b677-a6ce-3266-b71e-ed86d778d0fa,David908 Vanegas191,M,GENERAL PRACTICE,300 FRIBERG PKWY,WESTBOROUGH,MA,015813900,42.28350315,-71.58027718702151,398,0
315e2e7f-60d6-3224-a709-fa542a32b80e,e92dad8b-f485-315a-8fc4-1d7adfdc9c00,Laurena366 Anderson154,F,GENERAL PRACTICE,581 FAUNCE CORNER RD,DARTMOUTH,MA,027471242,41.676111381167445,-70.98788528176077,913,0
769db0a3-b20c-3e70-ae0b-4f63b9a52974,51e96f40-2058-378a-b3bd-d83c50d5cbcb,Winter723 Jones311,F,GENERAL PRACTICE,200 NICKERSON RD STE 110,PLYMOUTH,MA,023602480,41.75001,-70.632075,16,0
f96b0174-646c-3cfe-a9ac-4c407eee8ca6,6929d249-cc27-33aa-a871-b6f26059615d,Sina65 Fritsch593,F,GENERAL PRACTICE,ONE HOSPITAL ROAD  FIRST FL  WING 5   PO BOX 1477,OAK BLUFFS,MA,025571406,41.4538523,-70.5684713,840,0
602ad99f-8ac5-3c30-950f-cb50fcdf1bf5,aad05540-c9cb-3805-b3c4-f9b9d9b42b2e,Quentin28 Fritsch593,M,GENERAL PRACTICE,821 E MAIN ST STE 3,CHICOPEE,MA,010206306,42.155774795300516,-72.55672263289513,678,0
de1fab33-fde0-3032-ac16-8d47f6f68f08,1aa9084e-2b86-3d6e-93ab-dbe6d4dda601,Víctor493 Pelayo88,M,GENERAL PRACTICE,100 OLD BILLERICA RD,BEDFORD,MA,017301267,42.499905749999996,-71.25668964877971,5,0
0b85c4d7-474e-3248-b6a2-8c79b0517c2a,2e73956a-942f-36f3-b88c-f88e782e578f,Ivory697 Boyle917,M,GENERAL PRACTICE,790 TURNPIKE STREET  SUITE 202,NORTH ANDOVER,MA,018456138,42.661547049999996,-71.10774565195425,25,0
cb7e252b-8815-3504-8cec-d7d1328eb3b5,2987ddf5-7ff2-3e4a-9e25-d654a10313fd,Josefina523 O'Connell601,F,GENERAL PRACTICE,519 MAIN STREET,MEDFIELD,MA,020522522,42.186209649999995,-71.30745495273302,43,0
bc4dc269-2620-3866-961d-2a3a61c288d8,ce3b504c-f15c-3bcf-ba6e-dcb551cc7d7f,Dale454 Schmitt836,M,GENERAL PRACTICE,112 SOUTHAMPTON ST,BOSTON,MA,021182711,42.33240995,-71.06915010706255,114,0
9d105fb7-9b10-314a-93da-32004fa5ed3f,eea92149-820f-301f-911e-b170e8312842,Marcy588 Hamill307,F,GENERAL PRACTICE,123 SUMMER STREET,WORCESTER,MA,016102177,42.26496835,-71.79655403681465,144,0
a301221f-56c0-3d7c-b8c9-795819e7b7c8,19a3afba-b409-3650-a0ab-f3faf6e391ef,Patrina117 Strosin214,F,GENERAL PRACTICE,199 REEDSDALE RD,WALTHAM,MA,024511433,42.3756401,-71.2358004,317,0
76549685-1cb1-3b28-a689-30069f855bfa,0e9d0119-1157-35a0-8bb5-7e0aa3041928,Kari181 Trantow673,F,GENERAL PRACTICE,1049 MAIN STREET,SPRINGFIELD,MA,011032114,42.09977055,-72.58470990760483,79,0
9bf9d31c-932f-31b1-8b61-a747c09dec3a,5de0661c-5943-365b-93c7-8ab84e1df09c,Randa356 Carter549,F,GENERAL PRACTICE,28 LINWOOD RD,LYNN,MA,019051638,42.4703546,-70.964796190519,2,0
17c3af16-6149-3801-a348-89df13c0282b,76b7dbb5-0a02-32a4-9a01-3511f7e45016,Jerrold404 Satterfield305,M,GENERAL PRACTICE,59 COUNTRY WAY,SCITUATE,MA,020663746,42.1806871,-70.74862935148246,64,0
97f25e7c-b42e-38d8-b8a6-2f04b9e557ba,d833e67f-4e72-331c-87e9-45e96dd28280,Sonia106 Laureano185,F,GENERAL PRACTICE,2101 WASHINGTON STREET,NEWTON,MA,024621519,42.3301978,-71.24996457183994,1,0
84864231-52fe-3527-a2cd-8af4502feb4b,83a08dcf-7ed6-3d2e-afc0-a72c05d2563c,Thaddeus38 Stiedemann542,M,GENERAL PRACTICE,755 MAIN ST,HAVERHILL,MA,018302166,42.797835,-71.0878121,95,0
818223f8-ed1d-3e6c-8b2c-3936c1620877,562176c7-c337-3bd1-b8f4-89853772589b,Theresa98 Schuppe920,F,GENERAL PRACTICE,877 SOUTH ST,PITTSFIELD,MA,012018243,42.417399950000004,-73.25836946569122,1,0
29ef2bfa-9de1-370e-bb1c-3a62364e4491,b826cbda-f69b-32d0-9e6e-edcb80f692bb,David908 Gaytán530,M,GENERAL PRACTICE,169 VALENTINE ROAD,PITTSFIELD,MA,012013042,42.45821049070386,-73.27683573566691,57,0
888887c9-d26c-3c94-a7dd-f85ae2b3a9dc,25c85bcc-7e25-36bc-89e8-08e0d473db23,Stephen891 Okuneva707,M,GENERAL PRACTICE,138 S MAIN ST STE 14,MILFORD,MA,017573272,42.1270746,-71.51639128815474,239,0
7f1fd3b6-6671-3712-af85-49d9766e4988,b90ee64e-4559-32db-97d7-0341740a71f1,Thanh759 Cartwright189,M,GENERAL PRACTICE,123 SUMMER ST,WORCESTER,MA,016081216,42.26496835,-71.79655403681465,151,0
70e90610-c042-3c8d-a884-a0932839e1fb,671a8184-bf6f-3ec2-b307-3ff70e604912,Janeth814 Hyatt152,F,GENERAL PRACTICE,405 GROVE ST,WORCESTER,MA,016041086,42.28737115,-71.80791697272812,61,0
d4cda67d-ac31-3525-b948-20ebe4d09e95,3a9bf5ed-e584-3532-98a0-1e3a1f909db2,Kristen940 D'Amore443,F,GENERAL PRACTICE,51 HOVENDON AVE,BROCKTON,MA,023021220,42.11106635,-71.0162512,21,0
86ccbd14-b711-3acd-b253-7a744dbc624f,c9aabcbd-d4e0-391f-8980-d0be6934ea82,Shonda871 Leffler128,F,GENERAL PRACTICE,340 PLEASANT ST,BROCKTON,MA,023013236,42.08764334999999,-71.03287346676532,186,0
768afef4-a22c-3541-8e8b-77771eb24172,d9b71ccf-6649-3555-9e99-44eac0af257f,Darlene91 Collier206,F,GENERAL PRACTICE,655 DEDHAM ST,WRENTHAM,MA,020931135,42.084901,-71.30689224201797,45,0
f0871ede-0006-3487-9fae-c724113f02a9,f692f508-aa5e-3060-b98a-23165e5aa12f,Deon400 Crona259,F,GENERAL PRACTICE,35 NEW ENGLAND BUSINESS CENTER DR STE 207,NORWOOD,MA,020624692,42.194543,-71.1994976,7,0
d53a20be-1a11-349d-a226-36a8e18be12b,2f5c26cd-be8d-351a-97af-23fbcaba0967,Mariano761 Zepeda235,M,GENERAL PRACTICE,36 CORDAGE PARK CIR,PLYMOUTH,MA,023607320,41.978323,-70.689036,3,0
6fb40caf-7fd2-388a-8993-4c4d73159a41,e68de1a0-767e-3466-b9a6-43948ee073d3,Gene733 Ratke343,M,GENERAL PRACTICE,160 WELLS AVENUE,NEWTON,MA,024593302,42.29337605,-71.19806353028767,19,0
3e30b8e3-f7d0-3817-a6ee-962d23176bad,2fb77691-5353-358a-bc94-90af77dd654b,Donnell534 D'Amore443,M,GENERAL PRACTICE,200 GROTON RD,AYER,MA,014321168,42.577352149999996,-71.57414587343038,184,0
eb4298f4-5030-369b-ab52-9315936686f0,d6c165ec-d9ca-35a5-9bc8-2061cbfb83a2,Stuart913 Lynch190,M,GENERAL PRACTICE,10 ADAMS ST,NORTH CHELMSFORD,MA,018631780,42.6389249,-71.3840196,114,0
dbd3315c-125b-3954-9e36-97a833a6bb8c,cbebae9e-f95e-3d2c-9712-289ea8d6aeec,Jacobo456 Vergara204,M,GENERAL PRACTICE,49 ROBINWOOD AVENUE,QUINCY,MA,021698130,42.2509914,-71.0037374,1396,0
aa58b360-b256-3624-8159-d99c72353302,1cec4304-9757-3a10-ad4f-7e2090c56131,Eugene421 Rohan584,F,GENERAL PRACTICE,55 LAKE AVE N,WORCESTER,MA,016550002,42.2774799,-71.76166994969458,220,0
51ec6d29-67ca-3f3d-ab25-1c5010607508,5862e05c-9533-3f7a-8f73-215d50f5ee2f,Emilio417 Barton704,M,GENERAL PRACTICE,1200 CENTRE ST,ROSLINDALE,MA,021311000,42.29768,-71.130463,227,0
217766ea-4056-39f7-b31e-14c5f688e924,ec7e487e-7e78-3eac-a9ee-37f8de98a0f9,Sid118 Hammes673,M,GENERAL PRACTICE,277 WASHINGTON STREET,ABINGTON,MA,023512489,42.10060947239023,-70.94967338146704,14,0
2855ffe8-d453-3627-ad31-24e3b9bcca7a,26d8e700-7d84-3b34-bfad-274b535ec244,Olin642 Padberg411,M,GENERAL PRACTICE,421 North Main Street,Leeds,MA,01053,42.345066,-72.68291,77,0
a49a9190-f597-302a-aab2-bba9934e3e17,f646a4e8-340f-3204-bee5-ef23f4da97c5,Felipe97 Romero158,M,GENERAL PRACTICE,299 CAREW ST STE 234,SPRINGFIELD,MA,011042368,42.115589400000005,-72.59283074638886,14,0
8aa80282-1ba8-3f79-80a0-69a50d36b9d2,a8f1424c-00bc-3403-8db5-cd600978f3a4,Corazon138 Bogan287,F,GENERAL PRACTICE,8 BURNHAM ST,TURNERS FALLS,MA,013761816,42.6042523,-72.5564777,233,0
12956559-bf42-358e-8a94-ebb1b57b572f,55809329-c479-30a9-824e-4768d46c0244,Myron933 Fadel536,M,GENERAL PRACTICE,280 MERRIMACK ST STE 103,LAWRENCE,MA,018431780,42.70271530167854,-71.14888290326759,35,0
b58ea5e4-1dee-3860-b66f-f72f6d685ad5,411f14a5-de79-3e08-81d6-301270cc2275,Janee223 Harvey63,F,GENERAL PRACTICE,64 CONCORD STREET,WILMINGTON,MA,018872179,42.55962465,-71.13772203658047,31,0
d2e43df6-32a3-3372-843e-96200e5c5c55,78cd7edb-2df6-34da-b463-5f9eb15cf862,Rusty501 Pacocha935,M,GENERAL PRACTICE,1 WEBLY ROAD,YARMOUTH PORT,MA,026752000,41.7020544,-70.249465,18,0
8090136a-7e97-34eb-8b74-760a45120109,471f7ca2-38f8-3080-8109-187c73ec0b1f,Reginia455 Johnson679,F,GENERAL PRACTICE,27 CONGRESS ST,SALEM,MA,019707308,42.518722068313224,-70.88940635956651,341,0
40309772-cc4c-3473-965f-7916585c621f,a5577e5c-b886-37a0-8eee-8ff6feb7ea6b,Leopoldo762 Keebler762,M,GENERAL PRACTICE,330 MOUNT AUBURN ST,CAMBRIDGE,MA,021385502,42.3741033,-71.13417575971958,3591,0
bbe212b2-012f-354a-a121-d9b50c3a9c82,20df65a4-7567-3066-b680-0f71b0c31d38,Rayford811 Bashirian201,M,GENERAL PRACTICE,242 GREEN ST,GARDNER,MA,014401336,42.58685735,-71.98748072431209,1230,0
bdbb96a8-0394-31ed-a8b2-aa59324fe6c7,5581e43d-0463-3a0b-afc7-a60aea5ac96c,Brock407 VonRueden376,M,GENERAL PRACTICE,57 RIVER RD,ANDOVER,MA,018101144,42.69112645,-71.19636086287642,253,0
9bf97793-e8b2-34a6-9641-70b47b855027,6e1be70a-4c61-3b46-970f-e9bbc9fff693,Jerome176 Thompson596,M,GENERAL PRACTICE,270 UNION ST STE 201,ROCKLAND,MA,023701070,42.129637555555554,-70.91556322222222,9,0
62b1dee5-fdc7-36a1-beb2-7e9a61c1bcda,7dcab1ad-0e13-3700-9eb0-70767c5e2b55,Dana512 Wilkinson796,F,GENERAL PRACTICE,1515 ALLEN ST,SPRINGFIELD,MA,011181803,42.095299499999996,-72.50943136142334,132,0
20af4970-a8e5-3c26-8056-46d84227dc8b,8269bd00-d9ff-3bda-a585-9587bc1d330b,Alisia5 Jacobson885,F,GENERAL PRACTICE,223 SWANTON ST,WINCHESTER,MA,018901968,42.4616579,-71.13927131946744,3,0
801eced9-e623-3009-be1d-a9571248d534,ce9c1582-994d-32bf-835c-474a249d2804,Maude482 Veum823,F,GENERAL PRACTICE,275 MARTINE STREET  SUITE 104,FALL RIVER,MA,027231500,41.68393816525316,-71.1220830626733,51,0
f0ad8b03-8c19-3f24-a758-b253f5cc8170,9485907a-9f9c-3c19-a424-b402ee8f99c2,Tynisha348 Bogisich202,F,GENERAL PRACTICE,101 PLANTATION STREET,WORCESTER,MA,016043025,42.258026400000006,-71.78384882397785,33,0
5f479ca3-836d-3d9c-b901-c9b124011772,6ea4d3d6-d820-387a-a3d1-ed5944ad47a2,Nicolasa738 Larkin917,F,GENERAL PRACTICE,232 PLEASANT ST,METHUEN,MA,018447152,42.7397562,-71.17113575205717,170,0
056d263f-a32e-322e-997a-1cde027faccf,1494b446-f1aa-3752-8d9c-8eb801059e77,Shoshana283 Bailey598,F,GENERAL PRACTICE,439 COLUMBIA RD,HANOVER,MA,023392393,42.108043699999996,-70.81047504431497,21,0
adf5a939-00b6-3234-80c1-6c35ba6bfbc0,e7722de2-0e62-3dc9-a163-a7003956673b,Weldon459 Lockman863,M,GENERAL PRACTICE,1 EDGEWATER DRIVE  SUITE 103,NORWOOD,MA,020624669,42.16153305,-71.20162617190071,28,0
e3c2b9d5-5b77-3a05-a8b6-20d410d17cc4,c630c98b-cbfb-3260-a984-4bbf511de98d,Winston220 Beier427,M,GENERAL PRACTICE,135 S HUNTINGTON AVE,BOSTON,MA,021304885,42.328899,-71.110855,3,0
f11e1363-e1b1-3b0f-9ace-858e76cdb13b,f2f525c9-8e06-3009-b720-ccf449bce7a5,Larhonda769 Fisher429,F,GENERAL PRACTICE,320 PITTSFIELD RD,LENOX,MA,012402377,42.3939874,-73.2706999222404,3,0
be08af90-ea92-3a17-ab89-158b8911c484,9b8a7a25-b923-3710-9f3c-d42919a3f54f,Heriberto162 Ondricka197,M,GENERAL PRACTICE,146 MAIN ST,MAYNARD,MA,017542651,42.4309786,-71.4552968,41,0
8ed3c53c-9573-329e-a8bf-af5a43727534,62b55e5b-b58f-354d-8f2d-f2a330bc619e,Paz9 Gerlach374,F,GENERAL PRACTICE,201 HIGHLAND ST,CLINTON,MA,015101037,42.42738865,-71.69329092351188,789,0
c789c572-a34b-3b04-a418-db1f5f3f19a7,966245ce-e84d-36b0-a838-2e0b5bb2e668,Pei116 Crooks415,F,GENERAL PRACTICE,1425 BLUE HILL AVENUE,MATTAPAN,MA,021262122,42.2754929,-71.09384131587021,176,0
0849f470-cb6f-354b-8c78-0473d860f20b,58d6127e-ee48-37c3-9f2d-dcd3c050fb25,Thomasena108 Gutmann970,F,GENERAL PRACTICE,73 RUSSELL RD,HUNTINGTON,MA,010509777,42.2244752,-72.8709216,157,0
81e3609d-fc3c-349d-aae6-8128e545ea75,b9a91cbd-3263-31d9-9cff-55873cf8b2e2,Danita413 Becker968,F,GENERAL PRACTICE,25 Bond Street,Springfield,MA,01104,42.110065,-72.60007,78,0
3c0b6e24-5511-3056-b4c0-13c26d0531bc,b574fc4f-313c-38a4-9baf-7e12e431a499,Steven797 Schulist381,M,GENERAL PRACTICE,511 W GROVE ST,MIDDLEBORO,MA,023461479,41.90036455,-70.9535889372234,94,0
a3c1426e-c797-316c-9de9-213aa5be88ac,9dbd44ba-59b2-3d1d-ac91-3880af8081d2,Tori754 Larson43,F,GENERAL PRACTICE,529 MAIN ST STE B,ACTON,MA,017203965,42.4878132338563,-71.43046999422496,219,0
0c993f9d-32aa-3048-b8bc-4ff3b029a99f,2bde75a8-708f-3930-8d57-100ab365d413,Lourdes258 Puga7,F,GENERAL PRACTICE,173 WORCESTER ST,WELLESLEY,MA,024815521,42.2964859,-71.2925571,31,0
ca3e0921-fba6-3565-afb1-2464d993fa9f,35eba9db-902f-32e6-b302-0e5ef8fa5c68,Isaiah615 Schumm995,M,GENERAL PRACTICE,66 BROAD ST,WESTFIELD,MA,010852927,42.1165587,-72.74727440058362,5,0
dfbe550f-997f-35c9-8a88-ddb3dff909f0,b7866c75-5e56-36b0-b9c5-c63051677b69,Elias404 Skiles927,M,GENERAL PRACTICE,45 RESNIK RD,SANDWICH,MA,02563,41.7579043,-70.4968152,41,0
c547d995-0eaa-3c87-9db3-fd7202870594,b5e54a54-ad38-39f3-a5d4-6e73e5d76d2d,Dennis979 Rempel203,M,GENERAL PRACTICE,44 FRONT ST FL 3,WORCESTER,MA,016081722,42.2625621,-71.8018877,8,0
ba644478-ed01-3559-874f-f86c6f2af427,9656a864-3b93-356f-9fa6-d7988e249977,Josh874 Feil794,M,GENERAL PRACTICE,950 N MAIN ST STE 203,RANDOLPH,MA,023683064,42.1871612,-71.0568102,155,0
2c50f1aa-3fd1-35f0-9102-1993c22b9d6e,4eddfa13-f996-3048-9bbc-541b0a29038a,Vince741 Schmidt332,M,GENERAL PRACTICE,736 CAMBRIDGE ST,BRIGHTON,MA,021353601,42.348649949999995,-71.14799584850206,110,0
26164a92-2f38-386b-af00-363f127eace5,845fbd9b-2d1c-39a8-8261-28ae40e4fab2,Sam879 Rippin620,F,GENERAL PRACTICE,14 PROSPECT STREET,UPTON,MA,015681431,42.1700209025178,-71.59409308099494,1435,0
8bf48deb-657d-3851-9cc0-a40bd1d4dd99,946ec45f-5c4a-361f-b158-927144864133,Jorge203 Harvey63,M,GENERAL PRACTICE,19 MIDSTATE DRIVE  SUITE 130,AUBURN,MA,015011856,42.1894693,-71.85604765,26,0
3532d823-22d8-3733-9121-774c692a0de5,bac9dc0c-cb0f-3fa6-aa12-819dd0fb922a,Floy720 Greenfelder433,F,GENERAL PRACTICE,1493 CAMBRIDGE ST,SOMERVILLE,MA,021452935,42.3875968,-71.0994968,314,0
edc244ce-e643-3146-ae73-34ce94a332c8,9ce6072b-d039-3cde-8eaf-950211b8ae88,Saul605 Ratke343,M,GENERAL PRACTICE,147 S MAIN ST,MIDDLETON,MA,019492446,42.585787222720036,-71.00861442427218,270,0
f8d7ac27-f84a-3b3f-b0d4-e68972572634,af8566eb-8918-3ec7-ba44-92b6a2cf8097,Trevor374 Walker122,M,GENERAL PRACTICE,81 HIGHLAND AVE,SALEM,MA,019702714,42.5112107,-70.90516241826194,2084,0
fcaa65e2-04b0-36f6-99c7-428301148c28,d4a03501-69f6-3a89-ac27-ed25976fdb6f,Virgen207 Hyatt152,F,GENERAL PRACTICE,25 WOODLAND ROAD,STONEHAM,MA,021801705,42.450448800000004,-71.09076944938434,44,0
b1358ea5-d0c8-3305-8b39-c05b3f9af1a9,d1d4d104-68cb-356b-9086-888de7d2826f,Ellyn26 Windler79,F,GENERAL PRACTICE,61 Lincoln Street  Suite 112,Framingham,MA,01702,42.28348,-71.41845,198,0
6043caf2-d2e8-37d4-bb1f-558164ee9c31,ecd3b321-0a8a-3ce6-81f0-982dd77fce43,Hunter736 Lesch175,M,GENERAL PRACTICE,25 HIGHLAND AVE,NEWBURYPORT,MA,019503867,42.81369325,-70.89091645747592,874,0
af172e4b-b6d7-392d-a92a-62ee8bba666a,c762a0ef-bfba-3261-b90c-4059f7bcc87d,Marilu588 Ulloa39,F,GENERAL PRACTICE,160 MAIN STREET,WALPOLE,MA,020814037,42.168752850000004,-71.23027591232932,3,0
3c30df9f-7e6e-3fb6-8d5c-44434e5dd04d,42c13743-f36f-370a-a5ca-3e3c9795e02d,Tiffani287 Toy286,F,GENERAL PRACTICE,17 CHIPMAN WAY,KINGSTON,MA,023641039,42.0115267956362,-70.78988939618995,3,0
a7d1119f-df1c-3850-a168-892304bb4e78,058176fd-cbb0-328b-8411-c19f5045032d,Breana975 Sanford861,F,GENERAL PRACTICE,840 EMERSON GARDENS ROAD,LEXINGTON,MA,02420,42.43761961817366,-71.19888753880475,37,0
3d8aff5a-133c-3cb5-a9bb-e18045f08be2,a036cdf2-bbc5-3ffd-987f-56e437fd8b74,Lashanda692 Gutmann970,F,GENERAL PRACTICE,265 N MAIN ST,SOUTH YARMOUTH,MA,026642083,41.680980000000005,-70.18292625685085,67,0
92484e36-57c5-396c-89e6-bf4921595568,03d7ee12-bdfe-3e48-9d29-757eb6f01ad0,Jae222 Wisozk929,M,GENERAL PRACTICE,44 SUMMER ST,DANVERS,MA,019231574,42.57663745,-70.94996137026163,2,0
c6b2e1ee-87bf-3cec-97a8-e223c20d0ad9,480d55a0-ae0b-3c7d-a21e-fb0573e6a526,Long300 Boyle917,M,GENERAL PRACTICE,116 HOUGHTON STREET,WORCESTER,MA,016043997,42.24917045,-71.78554959333533,1,0
da8e3ee5-e309-36e7-a567-bbef47e975fb,4f5e8f16-a31b-3071-8556-d7188ede313d,Barrett790 Wolf938,M,GENERAL PRACTICE,575 BEECH ST,HOLYOKE,MA,010402223,42.20105435,-72.628169560868,373,0
de01ce8a-2f9f-3f44-b5ee-93fb0e9520f9,69cb2157-b620-3c51-9c94-f516462d2d55,Luther918 Schroeder447,M,GENERAL PRACTICE,11 WATER ST,ARLINGTON,MA,02476,42.41642055,-71.15424293038585,166,0
75976887-1130-3cdf-b06b-2477bc267b43,ae3eab22-8868-37bb-9a59-2b8bfe14bf34,Elise948 Smitham825,F,GENERAL PRACTICE,2033 MAIN STREET,ATHOL,MA,01331,42.58522105,-72.20868129339888,112,0
9aea471b-1a65-3995-bc06-40a91b1eb8c4,615416de-5217-3c11-9828-2d4bacd1d9cb,David908 Correa904,M,GENERAL PRACTICE,434 ROUTE 134,HYANNIS,MA,026011854,41.6753274,-70.309939,14,0
d210df64-341d-39dd-800a-ed1d83b29f59,218e58e4-9642-3ebd-9b39-34d15f22c620,Jamie386 Lowe577,M,GENERAL PRACTICE,977 MAIN ST,WALTHAM,MA,024517406,42.376452150000006,-71.25063779999999,90,0
95fe264c-87b2-3aca-af7d-e43439df82c1,9a20d707-68e4-32c0-b2b2-2f5d5c2012cd,Lorinda137 Pouros728,F,GENERAL PRACTICE,131 CAMBRIDGE ST STE 1,BURLINGTON,MA,018033711,42.50284395,-71.19574553661971,148,0
e07d7e61-d608-3515-8fd9-887bba00e4e1,f90ef475-defe-363d-a926-573b38f804a2,Bea654 Schiller186,F,GENERAL PRACTICE,54 HOPEDALE ST,HOPKINTON,MA,017481672,42.2288875,-71.5196439,107,0
09c21ceb-2f32-3471-a35c-93263bbacff5,071a898d-3535-39fd-bf61-d33301aacd04,Felicidad691 Luettgen772,F,GENERAL PRACTICE,104 CHARLES ELDRIDGE RD,LAKEVILLE,MA,023471370,41.8459353,-70.9494854,75,0
f813d153-69e2-3775-bbda-4946b0c75e6c,41f66e18-8eb7-32f2-9371-7df5bf2b8d21,Noma845 Mraz590,F,GENERAL PRACTICE,170 UNIVERSITY DRIVE,GREENFIELD,MA,013011238,42.6097476,-72.5979752,27,0
4b8d65a6-780e-3c86-839d-c1a3af7179c7,a25107f7-f4f5-36fc-98e4-f3e1b5875c91,Rubén780 Garay400,M,GENERAL PRACTICE,1285 BEACON ST,WOBURN,MA,018012157,42.4979478,-71.1684508,128,0
34711a83-62fe-3883-80ba-48d3d7358131,0e6c3ad1-24c1-34cb-bb6d-e8438fa319e2,Vern731 Casper496,M,GENERAL PRACTICE,50 DODGE ST,SWAMPSCOTT,MA,019071300,42.4699241,-70.9171507,30,0
2c789f78-8555-3fee-9d90-bbfc165b182d,b4ca31a9-9d34-3ea1-93c4-443941622304,Ellie521 Nicolas769,F,GENERAL PRACTICE,102 MAIN ST,GREENFIELD,MA,013013224,42.5879173,-72.6055828841603,148,0
98856d38-a138-3d9a-b872-b53d5c13cfc9,43ee6bb5-8efa-3bfc-8ca8-1579a5267753,Kristopher775 Roob72,M,GENERAL PRACTICE,235 N PEARL ST,BROCKTON,MA,023011794,42.09805395,-71.0609587194362,328,0
d9a438df-de6b-3b30-9dfa-814b5d46f380,3695125c-c052-3ece-898a-2a6448987ae5,Sean831 DuBuque211,M,GENERAL PRACTICE,2040 BOSTON RD STE 5,WILBRAHAM,MA,010951380,42.150295650000004,-72.47288272264812,60,0
3d3c2536-5731-3583-90a9-9af5a50c4534,ed43f171-1ac1-3f08-aef5-0f62c515cf4d,Shelli447 Schowalter414,F,GENERAL PRACTICE,184 TER HEUN DR,FALMOUTH,MA,025403160,41.56534135,-70.62534898297048,1,0
8f4c99f2-3469-3a80-b7f3-a08712dc7a1f,45db4ed7-a93e-3946-9c31-b567ca373de6,Domenic627 Toy286,M,GENERAL PRACTICE,7 Drydock Ave  Suite 2070,Boston,MA,02210,42.34461,-71.03728,52,0
d7115c40-a882-3c8d-923c-d0f054b8d16b,63b93742-6c13-3309-92b6-f7c858e9f320,Marietta439 Schmeler639,F,GENERAL PRACTICE,77B WARREN ST,BRIGHTON,MA,021353601,42.348002699999995,-71.14205064012461,85,0
1c92d8d7-f05e-314e-b818-457512546c69,bdd9ad72-443a-3563-a626-4c45f6d058b2,Zachary28 Bogan287,M,GENERAL PRACTICE,147 PELHAM STREET,WORCESTER,MA,016072105,42.265209,-71.814005,98,0
9bbb664f-c2df-3280-bcac-03915f8a3405,05fcf001-ab24-3d7d-85f7-f64942d82738,Leonarda398 Schumm995,F,GENERAL PRACTICE,250 POND STREET,FRAMINGHAM,MA,017014592,42.2838619,-71.4093719,1123,0
5f6f50fb-9678-31e9-a92b-aff70258dd74,7e6db51f-7c1b-3555-9e1c-6269ba6d704d,Drew592 Streich926,M,GENERAL PRACTICE,120 STAFFORD STREET SUITE 206,WORCESTER,MA,016031461,42.239638,-71.8443785891577,33,0
74adcf1d-a84d-374f-a2fb-1513754b46f0,ae382dff-4faf-34af-b91f-8ae2d34b6733,Blanch844 Schaden604,F,GENERAL PRACTICE,200 HAWTHORN ST,NEW BEDFORD,MA,027402201,41.6284153,-70.93937104729301,1,0
64b597c1-d49f-381c-9319-e682a0d4a980,83769f98-fff3-3535-8781-6ace5957136f,Emilia403 Breitenberg711,F,GENERAL PRACTICE,115 NORTH AVENUE,ROCKLAND,MA,023702129,42.13496385,-70.92237824494691,25,0
9715d058-3c09-340b-9b69-fe88916e2b64,e87cda4c-1ad8-3a9e-b55f-7bfe987610ce,Ignacio928 Escamilla823,M,GENERAL PRACTICE,326 NICHOLS RD,FITCHBURG,MA,014201914,42.5974358,-71.80761197366103,82,0
6f7a6d44-5864-3ef3-9bfe-a0e2c7fe5d02,e7b77e8f-b607-3273-aef9-ad1bca48813f,Ivonne773 Turcotte120,F,GENERAL PRACTICE,209 W CENTRAL ST STE 216,NATICK,MA,017603716,42.28202598359604,-71.3899479380402,156,0
c68d24c5-6d61-3207-a541-f079b3398ecb,1b26464f-ebe5-3045-b976-40f9979418c6,Vernie449 Tillman293,F,GENERAL PRACTICE,243 KING ST,NORTHAMPTON,MA,010602367,42.331161,-72.634183,1,0
d8d29db3-5135-3c56-b03a-df084d4a10bc,7e3760fd-328f-3082-8c56-68d6b96f6521,Clarita196 Jones311,F,GENERAL PRACTICE,305 WALPOLE ST,NORWOOD,MA,020623021,42.18411025,-71.21619509340385,1,0
440c2508-dee9-35a2-ad91-2b3637cd5a8c,62ccfb55-1f60-3450-a607-706bedc9ef4e,Gerda633 Greenholt190,F,GENERAL PRACTICE,120 MURRAY STREET,MEDFORD,MA,021551300,42.42974035,-71.08853906104483,2,0
7fa3f112-3ce1-3784-bb24-f7e84d773368,0e3a24c3-b772-3059-b3fd-8a4710068a82,Malka46 Gerhold939,F,GENERAL PRACTICE,416 BROADWAY,RAYNHAM,MA,027671737,41.940680799999996,-71.07864352196617,87,0
06c412e0-3c94-3502-b7e1-eb4ab020be4c,28d71598-85eb-3a0e-90c1-22e0be1af57c,Jodie811 Hermann103,F,GENERAL PRACTICE,38 MULBERRY ST STE 204,NORTHAMPTON,MA,010602832,42.35436315,-72.70256804599192,363,0
acd87745-2003-3fa3-815a-4c4f0970e56c,f68ebf98-ba5b-35af-b2bd-da56cc5b13be,Jen355 Hintz995,F,GENERAL PRACTICE,270 LITTLETON RD STE 22,WESTFORD,MA,018863524,42.5569148,-71.4366336131239,3,0
1521861a-d174-32d0-934b-bb50817b937e,a537b406-fdfa-36b4-84da-12512e7e6c63,Margrett284 Davis923,F,GENERAL PRACTICE,795 MIDDLE ST,STOUGHTON,MA,020721829,42.1252079,-71.1022015,290,0
70c8bbb3-b056-3372-af25-cbba1c68346b,7d627533-adbd-320a-9054-db91a2811597,Lester513 Schroeder447,M,GENERAL PRACTICE,480 JACKSON ST,METHUEN,MA,018444020,42.7327291,-71.16807304424162,1,0
ad071602-930e-39fa-9a4c-12298050f5e8,e5d50afe-8c7d-35f5-96f5-fb8941403b0f,Amparo58 Hayes766,F,GENERAL PRACTICE,125 S CLARK ST STE 900,FALL RIVER,MA,02722,41.74223,-71.129706,348,0
9bccaec6-7521-3879-85af-477f04170379,9adfae03-673d-365d-9052-f705098fa3e4,Sharilyn202 Wolff180,F,GENERAL PRACTICE,51 BLOSSOM ST,BOSTON,MA,021142699,42.36305545,-71.06643399281765,2089,0
8c78c90d-959e-3a94-92ba-410e949102f9,48a07866-e8d7-3268-aa3c-ca3237c8e6f3,Devona405 Stamm704,F,GENERAL PRACTICE,188 PROVIDENCE ST,HYDE PARK,MA,021361861,42.2682551,-71.12174592925336,150,0
0efb5322-ccbe-34e1-ad76-15368e2ab50f,9f85a8c8-007c-3490-a7b7-4a0324c13307,Delena885 Robel940,F,GENERAL PRACTICE,70 FULTON ST,BOSTON,MA,021091402,42.362439499999994,-71.05377386223965,58,0
d63d04e1-261c-39f2-ae57-051aab200756,25431f9a-00e4-36d8-9810-4125328eec50,Kati243 Ruecker817,F,GENERAL PRACTICE,55 FRUIT ST,WALTHAM,MA,02451,42.3756401,-71.2358004,446,0
19fc48f4-8786-30d1-871a-06869d95b186,a130ed39-d3a2-3b2a-91fe-0c14f5e26eb2,Walker122 Nicolas769,M,GENERAL PRACTICE,EAST CREEK ROAD,NANTUCKET,MA,025544015,41.273999,-70.091114,14,0
96d806fe-0497-3ba9-bfac-de236fff0055,89171335-b9c0-3326-98d6-a837d432b9fd,Louis204 Hauck852,M,GENERAL PRACTICE,150 FLANDERS ROAD,LYNN,MA,019042915,42.466763,-70.9494939,731,0
5173902c-8454-38af-9777-a76935865283,7cd7fc5c-3fa7-3b6e-b3c9-0dbaec2a3470,Frederica279 Roberts511,F,GENERAL PRACTICE,505 FRONT STREET,CHICOPEE,MA,010133140,42.14871685,-72.59756969862315,59,0
56570e42-7fa4-330b-8ecb-57266be94cbd,c1a85a41-6758-3edc-95ec-238b8ac72a40,Alfredo17 Lesch175,M,GENERAL PRACTICE,65 CENTRAL ST,GEORGETOWN,MA,018332112,42.7211656,-70.99324119227308,50,0
2f56fdf7-82a0-3669-a4af-0ba4b35899b6,01bde980-bf89-3138-8912-7360dff33247,Bradly656 Lang846,M,GENERAL PRACTICE,456 PARK AVE,WORCESTER,MA,016101254,42.25512735,-71.82580924803523,163,0
600f4bb2-4183-38a7-8cf6-edf658682396,979d5316-97f4-335d-af9d-d0afba85dc6a,Jolyn4 Borer986,F,GENERAL PRACTICE,57 PROSPECT ST,NANTUCKET,MA,025542799,41.27514065,-70.10108985970798,62,0
6b6ed380-fec0-32ca-87da-97b2f269a641,1484fc69-2eb0-3bba-8656-d5ead4973895,Lashawnda573 Schaefer657,F,GENERAL PRACTICE,260 MERRIMAC ST,NEWBURYPORT,MA,019502192,42.817380099999994,-70.88125573659471,140,0
e0282cf3-c385-3493-916f-88b2e8710340,d0534259-63f4-3e61-b66f-dff6d6f655f1,Georgina806 Boyer713,F,GENERAL PRACTICE,555 TURNPIKE ST,NORTH ANDOVER,MA,018455935,42.665488999999994,-71.11617940933073,51,0
902ed811-0ef3-35d7-ba5f-3ff34ee90875,217cb6f6-e822-3831-9d9d-ffa104971042,Luther918 Jakubowski832,M,GENERAL PRACTICE,2 REHABILITATION WAY,WOBURN,MA,018016003,42.46352265,-71.161925472006,1561,0
4b244ed2-71dc-3024-8255-0b98ec8e1c59,8a6e21d0-da20-3378-8176-4e5ad2b51983,Laine739 Torphy630,F,GENERAL PRACTICE,84 ELM STREET,HOLLISTON,MA,017462138,42.20234485,-71.42493275079366,29,0
454b0bba-1dd5-3c12-a6a4-39091a00359b,4e56c7ec-99e5-3023-8e4f-95ad18a03f06,Regenia619 Bosco882,F,GENERAL PRACTICE,28 RIVERSIDE DR STE 101,PEMBROKE,MA,023594947,42.11004715,-70.77534154695786,146,0
76ffaccb-5ed6-307a-bd3a-350efb0c92e9,acfde9fd-b6ef-36d0-86dd-ab77398d289b,Chaya236 Osinski784,F,GENERAL PRACTICE,80 NEWBRIDGE WAY,DEDHAM,MA,020267028,42.265152,-71.20332234041666,2,0
aad4c9ed-9c75-37cd-b76a-cc19ca2fe82b,e2a8b444-9b8f-36ff-84c4-05ee98589482,Elmer371 Gusikowski974,M,GENERAL PRACTICE,8 SHIPWAY PL # C-8,CHARLESTOWN,MA,021294301,42.3778749,-71.0619957,669,0
aee66bd2-147e-3d19-91d8-c2bb1b5ca932,65dac97b-bb0c-38ae-94bc-bf29ac9687ea,Cindi877 Rowe323,F,GENERAL PRACTICE,265 MAIN STREET,DALTON,MA,012261614,42.472932099999994,-73.17745071097283,12,0
e54f41ef-4dc9-3e43-89ae-d669d7d08750,71f4c23f-7559-31ff-8f42-a672e80b85a2,Sallie654 Jast432,F,GENERAL PRACTICE,300 FIRST AVENUE,WESTBOROUGH,MA,015812831,42.2694308,-71.6129907,147,0
b461163f-98ba-3af5-8a14-0dae1fcae263,9f061925-3642-3352-815e-8c3b2fcfbfaa,Royce974 Goldner995,M,GENERAL PRACTICE,1 DEL POND DR,CANTON,MA,020212759,42.172339,-71.112632,2,0
916ab6e0-8fdc-3d10-aadf-fcabfdd6fcc7,05f80ed8-6a7a-3728-8b5c-c5c995c8244a,Peter292 Cartwright189,M,GENERAL PRACTICE,150 South Huntington Avenue,Jamaica Plain,MA,02130,42.32809,-71.11076,81,0
cd5dfc4f-6eff-39aa-8047-75bd30d64ba8,e0cc7e8e-e1a4-3a02-b589-0a35741d39fe,Octavio643 Towne435,M,GENERAL PRACTICE,990 PARADISE RD,SWAMPSCOTT,MA,019071831,42.48374535000001,-70.90120467000462,48,0
d237e3fd-6b21-38ee-8c94-44e3c3f1b7d7,3517aff1-b163-3cd5-8fff-19710fcdc1b7,Federico589 Agosto501,M,GENERAL PRACTICE,400 HEMENWAY STREET,MARLBOROUGH,MA,017526762,42.36006255767826,-71.5077613040944,23,0
87dc44a5-0a5e-386d-a207-c8fa9f77d0f5,18d2c9c2-4b92-3664-9b8e-419aff3ce942,Raymon366 Block661,M,GENERAL PRACTICE,175 GROVE STREET,BRAINTREE,MA,021847253,42.19127375,-70.99279579751581,19,0
09612461-e584-31af-a17e-a9cedd1f6bc6,121b0ad1-1beb-3caa-9271-3d3f726bb727,Cortez851 Price929,M,GENERAL PRACTICE,1030 MAIN STREET,WALTHAM,MA,024517447,42.375828,-71.2527956,544,0
02560eb1-aa3f-351d-81ee-988d8692cba6,43f37d29-0bcb-3d84-b9c0-9ee4f2485ff2,Boris111 Romaguera67,M,GENERAL PRACTICE,168 WALTON RD UNIT 19,ROWLEY,MA,019692014,42.7136977,-70.8818364,269,0
95e0ef95-a7ab-3e16-a7d8-9aaa531d00d3,db60692f-cbef-315b-9fce-38a7f015c482,Aurelio227 Hilpert278,M,GENERAL PRACTICE,72 SHARPE STREET,SCITUATE,MA,020664534,42.1939754,-70.7697128,120,0
54f5ba6b-c603-3c17-b0d9-c4b567b9bf5d,883f57b8-89c6-3dc4-b6da-047705c88623,Parker433 Bailey598,M,GENERAL PRACTICE,363 HIGHLAND AVE,FALL RIVER,MA,027203703,41.7093779,-71.1460783680883,234,0
0b7d2488-e31d-3c4e-9064-7b86e2368e38,9ba25035-53e5-344b-9b9e-94331a58d1d4,Lucilla742 Schultz619,F,GENERAL PRACTICE,420 MAIN ST,WALPOLE,MA,020812553,42.161882199999994,-71.2388707178431,142,0
43819da5-e3f7-3c17-9fb0-fcf93d91c5be,0a2252ba-33de-322f-8f0a-e5b0141f1780,Lincoln623 Block661,M,GENERAL PRACTICE,632 BLUE  HILL AVENUE,DORCHESTER,MA,021213213,42.2941088,-71.0885355,278,0
370cd51b-8ccf-3650-8d01-0517eb0fab1f,f3a64526-e8aa-36bb-ac9a-4a6b9fd7d0f6,Greg949 Corkery305,M,GENERAL PRACTICE,385 GROVE ST,WORCESTER,MA,016062726,42.286333299999995,-71.80745147942015,42,0
8bb6e5dd-7df3-36c6-a2f9-b4a89df41d52,4f029aea-a3f7-3429-a477-45cfe183c3f9,Curtis94 Lesch175,M,GENERAL PRACTICE,1675 NORTH MAIN STREET,LANCASTER,MA,015232405,42.4761132,-71.6873032,68,0
2095106a-3e39-32f3-af5e-28b65abe5bf3,f539dc91-4c3b-3c46-be61-7f10b6eb8471,Mitsuko474 Carter549,F,GENERAL PRACTICE,45 WOBURN ST,WALTHAM,MA,024527919,42.407845949999995,-71.21867165257288,1,0
3ccb3aba-f983-3a00-b58c-b9429bbd94b0,f6ba791e-fe68-3596-bef4-60751db6a60e,Cleo27 Crooks415,M,GENERAL PRACTICE,37 BIRCH STREET,MILFORD,MA,017575501,42.1424349,-71.48943173357203,17,0
eaaf34bc-f6eb-334a-b93a-b890b9ab01cf,2fc3d86d-4194-3ad1-bb8a-99d5d34119a1,Trent525 Krajcik437,M,GENERAL PRACTICE,300 CONGRESS ST STE 203,QUINCY,MA,021690907,42.2345525,-71.01493330273374,182,0
721b9cbd-bcf5-3adc-b889-50e53a63482e,e1892a2c-6dca-3c4c-93b7-0e00a9eb8b61,Maragaret140 Erdman779,F,GENERAL PRACTICE,20 EAST ST,HANOVER,MA,023391638,42.1278249,-70.82664947485381,216,0
833035d5-3e41-3bd6-bc59-d8e545910f0f,67cade01-dcfe-37b7-8e2c-b712d9e6fbba,Terrence276 Wintheiser220,M,GENERAL PRACTICE,694 MAIN ST,HOLDEN,MA,015201862,42.3406819,-71.8390289,116,0
b603735f-f909-303f-94ef-5755cff4f9b1,b954c464-11ea-312b-a3f8-1350775bfa54,Rupert654 Walker122,M,GENERAL PRACTICE,123 CAPTAIN'S ROW,CHELSEA,MA,021504019,42.3917638,-71.0328284,64,0
71e92ca3-a4d1-3673-87ae-6ad406481b9d,9f368e75-397f-3d77-a317-9a005512a4e2,Alta896 Pfannerstill264,F,GENERAL PRACTICE,381 PARK AVE,WORCESTER,MA,016101026,42.2583962,-71.82204240042036,195,0
78f1be87-0c35-3a83-8e21-68c6a320926b,0dfa7ab2-4acc-360c-ab55-beb8e38a8c1d,Arnoldo445 Osinski784,M,GENERAL PRACTICE,36 CORTADGE PARK,PLYMOUTH,MA,023607320,41.9426657,-70.7618592,45,0
3dd9215c-8ce6-30ab-81bf-ea9871bb1a79,4d3ec6c2-f6aa-3d7b-adcc-e7107dac8530,Armand155 Schultz619,M,GENERAL PRACTICE,14 MASONIC CIRCLE,AUBURN,MA,015011341,42.181923125,-71.86839612499999,17,0
0323c2a9-6b90-3c55-ad80-ca3d268dca41,7cb70963-6f86-3eab-a12b-88deb31de793,Kraig824 Ledner144,M,GENERAL PRACTICE,18 DANA HILL ROAD,STERLING,MA,015642414,42.4106904,-71.7976286731579,3,0
872b5912-3189-330c-aeb7-67cdcab32744,95f6c328-96dd-3fb8-a56e-9aad566094b4,Milda157 Schoen8,F,GENERAL PRACTICE,4 STONY HILL ROAD,WILBRAHAM,MA,010951027,42.1552861,-72.48384800788648,58,0
b8c92ddb-1cfc-3240-80f4-39ee0e6f2d9b,485ae27b-c5ba-3fd0-9a16-c9eea20be185,Lael572 Kris249,F,GENERAL PRACTICE,275 MARTINE STREET  SUITE 202,FALL RIVER,MA,027231518,41.68393816525316,-71.1220830626733,63,0
51f562c0-54cb-3373-b337-ea426c15bd39,19f958ef-57cf-33c1-b068-14b32a980813,Aura483 Bruen238,F,GENERAL PRACTICE,155 BROADWAY RD,DRACUT,MA,018262754,42.67578279999999,-71.29320171860073,367,0
4559de2c-67ad-3613-9b4c-a3d1f57ae588,da2e8443-a0d6-3e87-b651-e2697615f4b5,Luis923 Bergstrom287,M,GENERAL PRACTICE,2000 WASHINGTON ST,NEWTON,MA,024621624,42.332192250000006,-71.24597794166553,28,0
407bd6f0-35e6-3e91-a433-16a9ed17e3c7,47602b5b-f4aa-3c73-aa26-2268ccf7a83c,Kathie378 Fisher429,F,GENERAL PRACTICE,90 LINDALL STREET,DANVERS,MA,019232125,42.574712149999996,-70.94359556912616,25,0
f880daaf-b28e-387c-9ae4-cd55ef68841a,035b7574-2fec-3922-8b57-2388164422e6,Shella455 Reichel38,F,GENERAL PRACTICE,874 PURCHASE ST,NEW BEDFORD,MA,027406232,41.636177,-70.926054,41,0
bc02ce25-39ed-3af0-bbab-3cd572b566ea,941fb26d-4d24-30af-9c1b-fe0aa8e70cfa,Ignacio928 Veum823,M,GENERAL PRACTICE,1 GENERAL ST,LAWRENCE,MA,018412884,42.7097143,-71.15007700778098,16,0
59e1ffad-65a0-3ed1-9ac4-3ebe44a24e47,6d16a8e3-3569-38ab-afac-a2f8c1125085,Miguelina323 Crona259,F,GENERAL PRACTICE,1010 WALTHAM STREET,LEXINGTON,MA,024218052,42.4139392,-71.22929265883278,47,0
ebe1b379-857f-358f-9958-c3458af93681,486bf543-9696-3d51-aa70-28a3044ce490,Ping698 Weissnat378,F,GENERAL PRACTICE,777 NORTH STREET,PITTSFIELD,MA,012014147,42.46054825,-73.24880457390918,103,0
0704059e-5e9a-393d-a2c0-6593abedd476,91808f17-7583-32a3-aa55-23b131b327c7,Jospeh459 Wunsch504,M,GENERAL PRACTICE,200 CORDWAINER DR,NORWELL,MA,020611671,42.16352995,-70.8846291501739,138,0
f1e17c8c-c39b-3919-9122-0a1c4ec15c10,587f07bd-7d69-3291-9aea-abef74f30045,José María211 Naranjo39,M,GENERAL PRACTICE,228 ALMONT ST,MATTAPAN,MA,021261487,42.2805395,-71.09839825,64,0
077ca0d2-8232-35eb-a43a-c7baf4ec9dd2,02d7b144-352f-3eac-97db-6fc4a95bf1fa,Greta919 Reinger292,F,GENERAL PRACTICE,120 SEMINARY AVENUE,AUBURNDALE,MA,024662650,42.34002614299451,-71.24911543639162,27,0
13192f40-cbd8-337a-9919-a713b0a952fb,e0584fe3-c4f7-33c7-986b-2568383d7307,Kenneth671 Blanda868,M,GENERAL PRACTICE,120 MAPLE ST STE 303,SPRINGFIELD,MA,011031930,42.1064397,-72.63777529283192,38,0
4bdb87ff-ece0-3353-95cc-d971dd9172b9,53f086de-2fc7-3d35-92c2-aca4ed944e7f,Carisa395 Kutch271,F,GENERAL PRACTICE,1 GENERAL ST,LAWRENCE,MA,018412961,42.7097143,-71.15007700778098,1399,0
18064ac7-3f70-3baa-9bd3-5cc5bcdd4978,44fc48e3-3fcf-3cea-b879-18d33cd93486,Malcolm243 Strosin214,M,GENERAL PRACTICE,146 DEAN ST,TAUNTON,MA,027802716,41.90428012423625,-71.0752596159568,1,0
c415d5b0-d774-3589-84c1-7cbbd1919ccf,20f63278-6709-3195-b767-782d2a10bd5c,Jamie386 Krajcik437,M,GENERAL PRACTICE,640 CONCORD AVENUE,CAMBRIDGE,MA,021381116,42.389222000000004,-71.14799280677965,88,0
59179beb-7298-31eb-a3e2-63ed1f979c2d,e498871e-3c3d-3ea1-a79d-4bc09679de84,Chung121 Collins926,M,GENERAL PRACTICE,221 FITZGERALD DRIVE,NEW BEDFORD,MA,027453426,41.6995448,-70.92972651619661,1,0
867e3c20-f592-3b4a-8b1d-bbaafb55faa1,de2ceae4-ddad-3174-9a1b-f32ea37e53f8,Leoma634 Jaskolski867,F,GENERAL PRACTICE,107 LINCOLN STREET,WORCESTER,MA,016052431,42.276415099999994,-71.79469158738553,22,0
cc33fa45-b631-31fe-8615-2fc5cf5f737e,c709c5eb-ddd7-3778-84f7-0931a4d1c718,Jim478 Goyette777,M,GENERAL PRACTICE,1200 CENTRE ST,ROSLINDALE,MA,021311000,42.29768,-71.130463,120,0
644dfef9-cd36-3273-9a7c-5d169268b8a9,079dd7d3-2003-331d-b49a-1b5c1b2870cb,Lucio648 Schmeler639,M,GENERAL PRACTICE,200 MILL ROAD SUITE 120,FAIRHAVEN,MA,027195252,41.650636,-70.88137185966522,2,0
d4f85fd8-3cfa-33ca-8b1b-d031475ff053,c05d73d0-b348-32ce-9fe5-13a720950f37,Abraham100 McDermott739,M,GENERAL PRACTICE,45 DRUM HILL RD,CHELMSFORD,MA,018241503,42.6255635,-71.3615131,78,0
0b874e05-43b6-37a2-81dd-73b5e9c9b992,c0cc8f8d-a479-3f83-9e1f-1fd556b944ef,Lucas404 Rosas160,M,GENERAL PRACTICE,250 PARADISE RD,SWAMPSCOTT,MA,01907,42.47638005,-70.91253402512964,21,0
1388d5d1-cd65-37a8-af07-b5c0a0e6f56f,ac0fde88-b0ad-3388-a4a8-b8fc2a4f4af2,Lloyd546 Wuckert783,M,GENERAL PRACTICE,150 YORK STREET,STOUGHTON,MA,020729105,42.144646800000004,-71.09875876961266,488,0
d912d039-a2d7-3a7e-a2b4-30af38ec4f46,0e061004-bcc0-3e99-a237-d700823e817b,Kizzie166 Lehner980,F,GENERAL PRACTICE,570 BALDWINVILLE RD,BALDWINVILLE,MA,014361351,42.5953045,-72.07447782689232,63,0
ea2066b2-65e8-30a4-9733-31dbe740c24f,d70d47dc-b40c-3a04-8342-35cbfe716409,Marcelino726 Hilpert278,M,GENERAL PRACTICE,83 LITTLEFIELD RD,NEWTON,MA,024593010,42.3104327,-71.18883283411856,215,0
56d51022-bde6-3896-a1c0-3a7cbe4fc978,de3cc142-803a-3ed4-8945-75ec88a84784,Kory651 Trantow673,M,GENERAL PRACTICE,51 HOSPITAL ROAD,BALDWINVILLE,MA,014361215,42.6108483,-72.0608364,12,0
d17444a9-b42f-366d-bf76-2e20db636e3d,047f6113-bd42-353b-8368-cf2352868915,Kamilah729 Schimmel440,F,GENERAL PRACTICE,62 WALNUT ST FL 2ND,WELLESLEY,MA,024812109,42.2964859,-71.2925571,37,0
b4e3731d-8abc-3c25-b960-be9870412c0d,0592d4e5-a0fb-3143-83cd-8e5a6b066a96,Mica978 Lemke654,F,GENERAL PRACTICE,20 EAST ST,HANOVER,MA,023391638,42.1278249,-70.82664947485381,978,0
032facd8-8f53-3f7d-9f4e-1aa913b553f0,c67ca7ed-4769-3b6c-a0a9-993f1227ff10,Allen322 Veum823,M,GENERAL PRACTICE,1 BLACKBURN DR,GLOUCESTER,MA,019302237,42.6269312,-70.65555242413386,324,0
9f3f90bb-c384-3f6f-b0df-716f2075f056,6b9c5830-a278-38ff-887f-ccefd74cf8e8,Rodney21 Hettinger594,M,GENERAL PRACTICE,184 LINCOLN STREET,NORTH EASTON,MA,023561799,42.06665855,-71.11947646404934,18,0
a6f6592a-2760-374e-9474-34a755f6d84c,612fb151-095d-3d11-942b-5907216f4dbb,Colin861 Crona259,M,GENERAL PRACTICE,34 HAVERHILL ST,LAWRENCE,MA,018412884,42.71186535,-71.15197382279813,65,0
12da1ee5-04d0-3d04-b6fd-f54644a926c6,7b5bf0fc-c5c0-3f22-980b-fdfff326a9b4,Tabitha433 Kling921,F,GENERAL PRACTICE,40 CUMBERLAND AVE,NORTH ATTLEBORO,MA,027604445,41.9316677,-71.35407469790115,22,0
b4fe2938-8249-31a7-b96a-b64b36c47c7c,ba07b31b-bf14-39b8-be95-4c5ca5062daa,Kim439 Hyatt152,M,GENERAL PRACTICE,1575 CAMBRIDGE ST,CAMBRIDGE,MA,021384308,42.375209549999994,-71.10711344152975,944,0
b7d13925-5187-3fb4-887c-a5bbb200b404,6aae7a31-90df-3455-ad8d-81f8cf2d21e8,Houston994 Funk324,M,GENERAL PRACTICE,680 CENTRE ST,BROCKTON,MA,023023308,42.0872752,-70.9910738855076,723,0
f5461d83-a044-3170-bf39-8ed72f392d86,14036728-b721-3e4b-8755-8ee8ab6ed15e,Melodie819 Schmeler639,F,GENERAL PRACTICE,625 MOUNT AUBURN ST,CAMBRIDGE,MA,021384518,42.375351,-71.1468628,499,0
5db4fe78-bc60-30e4-9efa-490fe355650a,104079d4-560e-3eb8-9a48-d495835a3997,Paris331 Schmeler639,M,GENERAL PRACTICE,68 CAMP ST,MASHPEE,MA,026493465,41.6484421,-70.4811383,122,0
